teamName,sport,year,wins,losses
PHI,basketball,2001-01-01,56,26
MIA,basketball,2001-01-01,50,32
NYK,basketball,2001-01-01,48,34
ORL,basketball,2001-01-01,43,39
BOS,basketball,2001-01-01,36,46
NJN,basketball,2001-01-01,26,56
WAS,basketball,2001-01-01,19,63
MIL,basketball,2001-01-01,52,30
TOR,basketball,2001-01-01,47,35
CHA,basketball,2001-01-01,46,36
IND,basketball,2001-01-01,41,41
DET,basketball,2001-01-01,32,50
CLE,basketball,2001-01-01,30,52
ATL,basketball,2001-01-01,25,57
CHI,basketball,2001-01-01,15,67
SAS,basketball,2001-01-01,58,24
UTA,basketball,2001-01-01,53,29
DAL,basketball,2001-01-01,53,29
MIN,basketball,2001-01-01,47,35
HOU,basketball,2001-01-01,45,37
DEN,basketball,2001-01-01,40,42
VAN,basketball,2001-01-01,23,59
LAL,basketball,2001-01-01,56,26
SAC,basketball,2001-01-01,55,27
PHX,basketball,2001-01-01,51,31
POR,basketball,2001-01-01,50,32
SEA,basketball,2001-01-01,44,38
LAC,basketball,2001-01-01,31,51
GSW,basketball,2001-01-01,17,65
NJN,basketball,2002-01-01,52,30
BOS,basketball,2002-01-01,49,33
ORL,basketball,2002-01-01,44,38
PHI,basketball,2002-01-01,43,39
WAS,basketball,2002-01-01,37,45
MIA,basketball,2002-01-01,36,46
NYK,basketball,2002-01-01,30,52
DET,basketball,2002-01-01,50,32
CHA,basketball,2002-01-01,44,38
TOR,basketball,2002-01-01,42,40
IND,basketball,2002-01-01,42,40
MIL,basketball,2002-01-01,41,41
ATL,basketball,2002-01-01,33,49
CLE,basketball,2002-01-01,29,53
CHI,basketball,2002-01-01,21,61
SAS,basketball,2002-01-01,58,24
DAL,basketball,2002-01-01,57,25
MIN,basketball,2002-01-01,50,32
UTA,basketball,2002-01-01,44,38
HOU,basketball,2002-01-01,28,54
DEN,basketball,2002-01-01,27,55
MEM,basketball,2002-01-01,23,59
SAC,basketball,2002-01-01,61,21
LAL,basketball,2002-01-01,58,24
POR,basketball,2002-01-01,49,33
SEA,basketball,2002-01-01,45,37
LAC,basketball,2002-01-01,39,43
PHX,basketball,2002-01-01,36,46
GSW,basketball,2002-01-01,21,61
NJN,basketball,2003-01-01,49,33
PHI,basketball,2003-01-01,48,34
BOS,basketball,2003-01-01,44,38
ORL,basketball,2003-01-01,42,40
WAS,basketball,2003-01-01,37,45
NYK,basketball,2003-01-01,37,45
MIA,basketball,2003-01-01,25,57
DET,basketball,2003-01-01,50,32
IND,basketball,2003-01-01,48,34
NOH,basketball,2003-01-01,47,35
MIL,basketball,2003-01-01,42,40
ATL,basketball,2003-01-01,35,47
CHI,basketball,2003-01-01,30,52
TOR,basketball,2003-01-01,24,58
CLE,basketball,2003-01-01,17,65
SAS,basketball,2003-01-01,60,22
DAL,basketball,2003-01-01,60,22
MIN,basketball,2003-01-01,51,31
UTA,basketball,2003-01-01,47,35
HOU,basketball,2003-01-01,43,39
MEM,basketball,2003-01-01,28,54
DEN,basketball,2003-01-01,17,65
SAC,basketball,2003-01-01,59,23
LAL,basketball,2003-01-01,50,32
POR,basketball,2003-01-01,50,32
PHX,basketball,2003-01-01,44,38
SEA,basketball,2003-01-01,40,42
GSW,basketball,2003-01-01,38,44
LAC,basketball,2003-01-01,27,55
NJN,basketball,2004-01-01,47,35
MIA,basketball,2004-01-01,42,40
NYK,basketball,2004-01-01,39,43
BOS,basketball,2004-01-01,36,46
PHI,basketball,2004-01-01,33,49
WAS,basketball,2004-01-01,25,57
ORL,basketball,2004-01-01,21,61
IND,basketball,2004-01-01,61,21
DET,basketball,2004-01-01,54,28
NOH,basketball,2004-01-01,41,41
MIL,basketball,2004-01-01,41,41
CLE,basketball,2004-01-01,35,47
TOR,basketball,2004-01-01,33,49
ATL,basketball,2004-01-01,28,54
CHI,basketball,2004-01-01,23,59
MIN,basketball,2004-01-01,58,24
SAS,basketball,2004-01-01,57,25
DAL,basketball,2004-01-01,52,30
MEM,basketball,2004-01-01,50,32
HOU,basketball,2004-01-01,45,37
DEN,basketball,2004-01-01,43,39
UTA,basketball,2004-01-01,42,40
LAL,basketball,2004-01-01,56,26
SAC,basketball,2004-01-01,55,27
POR,basketball,2004-01-01,41,41
GSW,basketball,2004-01-01,37,45
SEA,basketball,2004-01-01,37,45
PHX,basketball,2004-01-01,29,53
LAC,basketball,2004-01-01,28,54
BOS,basketball,2005-01-01,45,37
PHI,basketball,2005-01-01,43,39
NJN,basketball,2005-01-01,42,40
TOR,basketball,2005-01-01,33,49
NYK,basketball,2005-01-01,33,49
DET,basketball,2005-01-01,54,28
CHI,basketball,2005-01-01,47,35
IND,basketball,2005-01-01,44,38
CLE,basketball,2005-01-01,42,40
MIL,basketball,2005-01-01,30,52
MIA,basketball,2005-01-01,59,23
WAS,basketball,2005-01-01,45,37
ORL,basketball,2005-01-01,36,46
CHB,basketball,2005-01-01,18,64
ATL,basketball,2005-01-01,13,69
SEA,basketball,2005-01-01,52,30
DEN,basketball,2005-01-01,49,33
MIN,basketball,2005-01-01,44,38
POR,basketball,2005-01-01,27,55
UTA,basketball,2005-01-01,26,56
PHX,basketball,2005-01-01,62,20
SAC,basketball,2005-01-01,50,32
LAC,basketball,2005-01-01,37,45
LAL,basketball,2005-01-01,34,48
GSW,basketball,2005-01-01,34,48
SAS,basketball,2005-01-01,59,23
DAL,basketball,2005-01-01,58,24
HOU,basketball,2005-01-01,51,31
MEM,basketball,2005-01-01,45,37
NOH,basketball,2005-01-01,18,64
NJN,basketball,2006-01-01,49,33
PHI,basketball,2006-01-01,38,44
BOS,basketball,2006-01-01,33,49
TOR,basketball,2006-01-01,27,55
NYK,basketball,2006-01-01,23,59
DET,basketball,2006-01-01,64,18
CLE,basketball,2006-01-01,50,32
IND,basketball,2006-01-01,41,41
CHI,basketball,2006-01-01,41,41
MIL,basketball,2006-01-01,40,42
MIA,basketball,2006-01-01,52,30
WAS,basketball,2006-01-01,42,40
ORL,basketball,2006-01-01,36,46
CHB,basketball,2006-01-01,26,56
ATL,basketball,2006-01-01,26,56
DEN,basketball,2006-01-01,44,38
UTA,basketball,2006-01-01,41,41
SEA,basketball,2006-01-01,35,47
MIN,basketball,2006-01-01,33,49
POR,basketball,2006-01-01,21,61
PHX,basketball,2006-01-01,54,28
LAC,basketball,2006-01-01,47,35
LAL,basketball,2006-01-01,45,37
SAC,basketball,2006-01-01,44,38
GSW,basketball,2006-01-01,34,48
SAS,basketball,2006-01-01,63,19
DAL,basketball,2006-01-01,60,22
MEM,basketball,2006-01-01,49,33
NOH,basketball,2006-01-01,38,44
HOU,basketball,2006-01-01,34,48
TOR,basketball,2007-01-01,47,35
NJN,basketball,2007-01-01,41,41
PHI,basketball,2007-01-01,35,47
NYK,basketball,2007-01-01,33,49
BOS,basketball,2007-01-01,24,58
DET,basketball,2007-01-01,53,29
CLE,basketball,2007-01-01,50,32
CHI,basketball,2007-01-01,49,33
IND,basketball,2007-01-01,35,47
MIL,basketball,2007-01-01,28,54
MIA,basketball,2007-01-01,44,38
WAS,basketball,2007-01-01,41,41
ORL,basketball,2007-01-01,40,42
CHB,basketball,2007-01-01,33,49
ATL,basketball,2007-01-01,30,52
UTA,basketball,2007-01-01,51,31
DEN,basketball,2007-01-01,45,37
POR,basketball,2007-01-01,32,50
MIN,basketball,2007-01-01,32,50
SEA,basketball,2007-01-01,31,51
PHX,basketball,2007-01-01,61,21
LAL,basketball,2007-01-01,42,40
GSW,basketball,2007-01-01,42,40
LAC,basketball,2007-01-01,40,42
SAC,basketball,2007-01-01,33,49
DAL,basketball,2007-01-01,67,15
SAS,basketball,2007-01-01,58,24
HOU,basketball,2007-01-01,52,30
NOH,basketball,2007-01-01,39,43
MEM,basketball,2007-01-01,22,60
BOS,basketball,2008-01-01,66,16
TOR,basketball,2008-01-01,41,41
PHI,basketball,2008-01-01,40,42
NJN,basketball,2008-01-01,34,48
NYK,basketball,2008-01-01,23,59
DET,basketball,2008-01-01,59,23
CLE,basketball,2008-01-01,45,37
IND,basketball,2008-01-01,36,46
CHI,basketball,2008-01-01,33,49
MIL,basketball,2008-01-01,26,56
ORL,basketball,2008-01-01,52,30
WAS,basketball,2008-01-01,43,39
ATL,basketball,2008-01-01,37,45
CHB,basketball,2008-01-01,32,50
MIA,basketball,2008-01-01,15,67
UTA,basketball,2008-01-01,54,28
DEN,basketball,2008-01-01,50,32
POR,basketball,2008-01-01,41,41
MIN,basketball,2008-01-01,22,60
SEA,basketball,2008-01-01,20,62
LAL,basketball,2008-01-01,57,25
PHX,basketball,2008-01-01,55,27
GSW,basketball,2008-01-01,48,34
SAC,basketball,2008-01-01,38,44
LAC,basketball,2008-01-01,23,59
NOH,basketball,2008-01-01,56,26
SAS,basketball,2008-01-01,56,26
HOU,basketball,2008-01-01,55,27
DAL,basketball,2008-01-01,51,31
MEM,basketball,2008-01-01,22,60
BOS,basketball,2009-01-01,62,20
PHI,basketball,2009-01-01,41,41
NJN,basketball,2009-01-01,34,48
TOR,basketball,2009-01-01,33,49
NYK,basketball,2009-01-01,32,50
CLE,basketball,2009-01-01,66,16
CHI,basketball,2009-01-01,41,41
DET,basketball,2009-01-01,39,43
IND,basketball,2009-01-01,36,46
MIL,basketball,2009-01-01,34,48
ORL,basketball,2009-01-01,59,23
ATL,basketball,2009-01-01,47,35
MIA,basketball,2009-01-01,43,39
CHB,basketball,2009-01-01,35,47
WAS,basketball,2009-01-01,19,63
DEN,basketball,2009-01-01,54,28
POR,basketball,2009-01-01,54,28
UTA,basketball,2009-01-01,48,34
MIN,basketball,2009-01-01,24,58
OKC,basketball,2009-01-01,23,59
LAL,basketball,2009-01-01,65,17
PHX,basketball,2009-01-01,46,36
GSW,basketball,2009-01-01,29,53
LAC,basketball,2009-01-01,19,63
SAC,basketball,2009-01-01,17,65
SAS,basketball,2009-01-01,54,28
HOU,basketball,2009-01-01,53,29
DAL,basketball,2009-01-01,50,32
NOH,basketball,2009-01-01,49,33
MEM,basketball,2009-01-01,24,58
BOS,basketball,2010-01-01,50,32
TOR,basketball,2010-01-01,40,42
NYK,basketball,2010-01-01,29,53
PHI,basketball,2010-01-01,27,55
NJN,basketball,2010-01-01,12,70
CLE,basketball,2010-01-01,61,21
MIL,basketball,2010-01-01,46,36
CHI,basketball,2010-01-01,41,41
IND,basketball,2010-01-01,32,50
DET,basketball,2010-01-01,27,55
ORL,basketball,2010-01-01,59,23
ATL,basketball,2010-01-01,53,29
MIA,basketball,2010-01-01,47,35
CHB,basketball,2010-01-01,44,38
WAS,basketball,2010-01-01,26,56
DEN,basketball,2010-01-01,53,29
UTA,basketball,2010-01-01,53,29
POR,basketball,2010-01-01,50,32
OKC,basketball,2010-01-01,50,32
MIN,basketball,2010-01-01,15,67
LAL,basketball,2010-01-01,57,25
PHX,basketball,2010-01-01,54,28
LAC,basketball,2010-01-01,29,53
GSW,basketball,2010-01-01,26,56
SAC,basketball,2010-01-01,25,57
DAL,basketball,2010-01-01,55,27
SAS,basketball,2010-01-01,50,32
HOU,basketball,2010-01-01,42,40
MEM,basketball,2010-01-01,40,42
NOH,basketball,2010-01-01,37,45
BOS,basketball,2011-01-01,56,26
NYK,basketball,2011-01-01,42,40
PHI,basketball,2011-01-01,41,41
NJN,basketball,2011-01-01,24,58
TOR,basketball,2011-01-01,22,60
CHI,basketball,2011-01-01,62,20
IND,basketball,2011-01-01,37,45
MIL,basketball,2011-01-01,35,47
DET,basketball,2011-01-01,30,52
CLE,basketball,2011-01-01,19,63
MIA,basketball,2011-01-01,58,24
ORL,basketball,2011-01-01,52,30
ATL,basketball,2011-01-01,44,38
CHB,basketball,2011-01-01,34,48
WAS,basketball,2011-01-01,23,59
OKC,basketball,2011-01-01,55,27
DEN,basketball,2011-01-01,50,32
POR,basketball,2011-01-01,48,34
UTA,basketball,2011-01-01,39,43
MIN,basketball,2011-01-01,17,65
LAL,basketball,2011-01-01,57,25
PHX,basketball,2011-01-01,40,42
GSW,basketball,2011-01-01,36,46
LAC,basketball,2011-01-01,32,50
SAC,basketball,2011-01-01,24,58
SAS,basketball,2011-01-01,61,21
DAL,basketball,2011-01-01,57,25
NOH,basketball,2011-01-01,46,36
MEM,basketball,2011-01-01,46,36
HOU,basketball,2011-01-01,43,39
BOS,basketball,2012-01-01,39,27
NYK,basketball,2012-01-01,36,30
PHI,basketball,2012-01-01,35,31
TOR,basketball,2012-01-01,23,43
NJN,basketball,2012-01-01,22,44
CHI,basketball,2012-01-01,50,16
IND,basketball,2012-01-01,42,24
MIL,basketball,2012-01-01,31,35
DET,basketball,2012-01-01,25,41
CLE,basketball,2012-01-01,21,45
MIA,basketball,2012-01-01,46,20
ATL,basketball,2012-01-01,40,26
ORL,basketball,2012-01-01,37,29
WAS,basketball,2012-01-01,20,46
CHB,basketball,2012-01-01,7,59
OKC,basketball,2012-01-01,47,19
DEN,basketball,2012-01-01,38,28
UTA,basketball,2012-01-01,36,30
POR,basketball,2012-01-01,28,38
MIN,basketball,2012-01-01,26,40
LAL,basketball,2012-01-01,41,25
LAC,basketball,2012-01-01,40,26
PHX,basketball,2012-01-01,33,33
GSW,basketball,2012-01-01,23,43
SAC,basketball,2012-01-01,22,44
SAS,basketball,2012-01-01,50,16
MEM,basketball,2012-01-01,41,25
DAL,basketball,2012-01-01,36,30
HOU,basketball,2012-01-01,34,32
NOH,basketball,2012-01-01,21,45
NYK,basketball,2013-01-01,54,28
BKN,basketball,2013-01-01,49,33
BOS,basketball,2013-01-01,41,40
PHI,basketball,2013-01-01,34,48
TOR,basketball,2013-01-01,34,48
IND,basketball,2013-01-01,49,32
CHI,basketball,2013-01-01,45,37
MIL,basketball,2013-01-01,38,44
DET,basketball,2013-01-01,29,53
CLE,basketball,2013-01-01,24,58
MIA,basketball,2013-01-01,66,16
ATL,basketball,2013-01-01,44,38
WAS,basketball,2013-01-01,29,53
CHB,basketball,2013-01-01,21,61
ORL,basketball,2013-01-01,20,62
OKC,basketball,2013-01-01,60,22
DEN,basketball,2013-01-01,57,25
UTA,basketball,2013-01-01,43,39
POR,basketball,2013-01-01,33,49
MIN,basketball,2013-01-01,31,51
LAC,basketball,2013-01-01,56,26
GSW,basketball,2013-01-01,47,35
LAL,basketball,2013-01-01,45,37
SAC,basketball,2013-01-01,28,54
PHX,basketball,2013-01-01,25,57
SAS,basketball,2013-01-01,58,24
MEM,basketball,2013-01-01,56,26
HOU,basketball,2013-01-01,45,37
DAL,basketball,2013-01-01,41,41
NOH,basketball,2013-01-01,27,55
TOR,basketball,2014-01-01,48,34
BKN,basketball,2014-01-01,44,38
NYK,basketball,2014-01-01,37,45
BOS,basketball,2014-01-01,25,57
PHI,basketball,2014-01-01,19,63
IND,basketball,2014-01-01,56,26
CHI,basketball,2014-01-01,48,34
CLE,basketball,2014-01-01,33,49
DET,basketball,2014-01-01,29,53
MIL,basketball,2014-01-01,15,67
MIA,basketball,2014-01-01,54,28
WAS,basketball,2014-01-01,44,38
CHB,basketball,2014-01-01,43,39
ATL,basketball,2014-01-01,38,44
ORL,basketball,2014-01-01,23,59
OKC,basketball,2014-01-01,59,23
POR,basketball,2014-01-01,54,28
MIN,basketball,2014-01-01,40,42
DEN,basketball,2014-01-01,36,46
UTA,basketball,2014-01-01,25,57
LAC,basketball,2014-01-01,57,25
GSW,basketball,2014-01-01,51,31
PHX,basketball,2014-01-01,48,34
SAC,basketball,2014-01-01,28,54
LAL,basketball,2014-01-01,27,55
SAS,basketball,2014-01-01,62,20
HOU,basketball,2014-01-01,54,28
MEM,basketball,2014-01-01,50,32
DAL,basketball,2014-01-01,49,33
NOP,basketball,2014-01-01,34,48
TOR,basketball,2015-01-01,49,33
BOS,basketball,2015-01-01,40,42
BKN,basketball,2015-01-01,38,44
PHI,basketball,2015-01-01,18,64
NYK,basketball,2015-01-01,17,65
CLE,basketball,2015-01-01,53,29
CHI,basketball,2015-01-01,50,32
MIL,basketball,2015-01-01,41,41
IND,basketball,2015-01-01,38,44
DET,basketball,2015-01-01,32,50
ATL,basketball,2015-01-01,60,22
WAS,basketball,2015-01-01,46,36
MIA,basketball,2015-01-01,37,45
CHA,basketball,2015-01-01,33,49
ORL,basketball,2015-01-01,25,57
POR,basketball,2015-01-01,51,31
OKC,basketball,2015-01-01,45,37
UTA,basketball,2015-01-01,38,44
DEN,basketball,2015-01-01,30,52
MIN,basketball,2015-01-01,16,66
GSW,basketball,2015-01-01,67,15
LAC,basketball,2015-01-01,56,26
PHX,basketball,2015-01-01,39,43
SAC,basketball,2015-01-01,29,53
LAL,basketball,2015-01-01,21,61
HOU,basketball,2015-01-01,56,26
MEM,basketball,2015-01-01,55,27
SAS,basketball,2015-01-01,55,27
DAL,basketball,2015-01-01,50,32
NOP,basketball,2015-01-01,45,37
CLE,basketball,2016-01-01,57,25
TOR,basketball,2016-01-01,56,26
MIA,basketball,2016-01-01,48,34
ATL,basketball,2016-01-01,48,34
BOS,basketball,2016-01-01,48,34
CHA,basketball,2016-01-01,48,34
IND,basketball,2016-01-01,45,37
DET,basketball,2016-01-01,44,38
CHI,basketball,2016-01-01,42,40
WAS,basketball,2016-01-01,41,41
ORL,basketball,2016-01-01,35,47
MIL,basketball,2016-01-01,33,49
NYK,basketball,2016-01-01,32,50
BKN,basketball,2016-01-01,21,61
PHI,basketball,2016-01-01,10,72
GSW,basketball,2016-01-01,73,9
SAS,basketball,2016-01-01,67,15
OKC,basketball,2016-01-01,55,27
LAC,basketball,2016-01-01,53,29
POR,basketball,2016-01-01,44,38
DAL,basketball,2016-01-01,42,40
MEM,basketball,2016-01-01,42,40
HOU,basketball,2016-01-01,41,41
UTA,basketball,2016-01-01,40,42
SAC,basketball,2016-01-01,33,49
DEN,basketball,2016-01-01,33,49
NOP,basketball,2016-01-01,30,52
MIN,basketball,2016-01-01,29,53
PHX,basketball,2016-01-01,23,59
LAL,basketball,2016-01-01,17,65
BOS,basketball,2017-01-01,53,29
CLE,basketball,2017-01-01,51,31
TOR,basketball,2017-01-01,51,31
WAS,basketball,2017-01-01,49,33
ATL,basketball,2017-01-01,43,39
MIL,basketball,2017-01-01,42,40
IND,basketball,2017-01-01,42,40
CHI,basketball,2017-01-01,41,41
MIA,basketball,2017-01-01,41,41
DET,basketball,2017-01-01,37,45
CHA,basketball,2017-01-01,36,46
NYK,basketball,2017-01-01,31,51
ORL,basketball,2017-01-01,29,53
PHI,basketball,2017-01-01,28,54
BKN,basketball,2017-01-01,20,62
GSW,basketball,2017-01-01,67,15
SAS,basketball,2017-01-01,61,21
HOU,basketball,2017-01-01,55,27
LAC,basketball,2017-01-01,51,31
UTA,basketball,2017-01-01,51,31
OKC,basketball,2017-01-01,47,35
MEM,basketball,2017-01-01,43,39
POR,basketball,2017-01-01,41,41
DEN,basketball,2017-01-01,40,42
NOP,basketball,2017-01-01,34,48
DAL,basketball,2017-01-01,33,49
SAC,basketball,2017-01-01,32,50
MIN,basketball,2017-01-01,31,51
LAL,basketball,2017-01-01,26,56
PHX,basketball,2017-01-01,24,58
TOR,basketball,2018-01-01,59,23
BOS,basketball,2018-01-01,55,27
PHI,basketball,2018-01-01,52,30
CLE,basketball,2018-01-01,50,32
IND,basketball,2018-01-01,48,34
MIA,basketball,2018-01-01,44,38
MIL,basketball,2018-01-01,44,38
WAS,basketball,2018-01-01,43,39
DET,basketball,2018-01-01,39,43
CHA,basketball,2018-01-01,36,46
NYK,basketball,2018-01-01,29,53
BKN,basketball,2018-01-01,28,54
CHI,basketball,2018-01-01,27,55
ORL,basketball,2018-01-01,25,57
ATL,basketball,2018-01-01,24,58
HOU,basketball,2018-01-01,65,17
GSW,basketball,2018-01-01,58,24
POR,basketball,2018-01-01,49,33
OKC,basketball,2018-01-01,48,34
UTA,basketball,2018-01-01,48,34
NOP,basketball,2018-01-01,48,34
SAS,basketball,2018-01-01,47,35
MIN,basketball,2018-01-01,47,35
DEN,basketball,2018-01-01,46,36
LAC,basketball,2018-01-01,42,40
LAL,basketball,2018-01-01,35,47
SAC,basketball,2018-01-01,27,55
DAL,basketball,2018-01-01,24,58
MEM,basketball,2018-01-01,22,60
PHX,basketball,2018-01-01,21,61
MIL,basketball,2019-01-01,60,22
TOR,basketball,2019-01-01,58,24
PHI,basketball,2019-01-01,51,31
BOS,basketball,2019-01-01,49,33
IND,basketball,2019-01-01,48,34
BKN,basketball,2019-01-01,42,40
ORL,basketball,2019-01-01,42,40
DET,basketball,2019-01-01,41,41
CHA,basketball,2019-01-01,39,43
MIA,basketball,2019-01-01,39,43
WAS,basketball,2019-01-01,32,50
ATL,basketball,2019-01-01,29,53
CHI,basketball,2019-01-01,22,60
CLE,basketball,2019-01-01,19,63
NYK,basketball,2019-01-01,17,65
GSW,basketball,2019-01-01,57,25
DEN,basketball,2019-01-01,54,28
POR,basketball,2019-01-01,53,29
HOU,basketball,2019-01-01,53,29
UTA,basketball,2019-01-01,50,32
OKC,basketball,2019-01-01,49,33
SAS,basketball,2019-01-01,48,34
LAC,basketball,2019-01-01,48,34
SAC,basketball,2019-01-01,39,43
LAL,basketball,2019-01-01,37,45
MIN,basketball,2019-01-01,36,46
MEM,basketball,2019-01-01,33,49
NOP,basketball,2019-01-01,33,49
DAL,basketball,2019-01-01,33,49
PHX,basketball,2019-01-01,19,63
MIL,basketball,2020-01-01,56,17
TOR,basketball,2020-01-01,53,19
BOS,basketball,2020-01-01,48,24
IND,basketball,2020-01-01,45,28
MIA,basketball,2020-01-01,44,29
PHI,basketball,2020-01-01,43,30
BKN,basketball,2020-01-01,35,37
ORL,basketball,2020-01-01,33,40
CHA,basketball,2020-01-01,23,42
WAS,basketball,2020-01-01,25,47
CHI,basketball,2020-01-01,22,43
NYK,basketball,2020-01-01,21,45
DET,basketball,2020-01-01,20,46
ATL,basketball,2020-01-01,20,47
CLE,basketball,2020-01-01,19,46
LAL,basketball,2020-01-01,52,19
LAC,basketball,2020-01-01,49,23
DEN,basketball,2020-01-01,46,27
HOU,basketball,2020-01-01,44,28
OKC,basketball,2020-01-01,44,28
UTA,basketball,2020-01-01,44,28
DAL,basketball,2020-01-01,43,32
POR,basketball,2020-01-01,35,39
MEM,basketball,2020-01-01,34,39
PHX,basketball,2020-01-01,34,39
SAS,basketball,2020-01-01,32,39
SAC,basketball,2020-01-01,31,41
NOP,basketball,2020-01-01,30,42
MIN,basketball,2020-01-01,19,45
GSW,basketball,2020-01-01,15,50
PHI,basketball,2021-01-01,49,23
BKN,basketball,2021-01-01,48,24
MIL,basketball,2021-01-01,46,26
NYK,basketball,2021-01-01,41,31
ATL,basketball,2021-01-01,41,31
MIA,basketball,2021-01-01,40,32
BOS,basketball,2021-01-01,36,36
WAS,basketball,2021-01-01,34,38
IND,basketball,2021-01-01,34,38
CHA,basketball,2021-01-01,33,39
CHI,basketball,2021-01-01,31,41
TOR,basketball,2021-01-01,27,45
CLE,basketball,2021-01-01,22,50
ORL,basketball,2021-01-01,21,51
DET,basketball,2021-01-01,20,52
UTA,basketball,2021-01-01,52,20
PHX,basketball,2021-01-01,51,21
DEN,basketball,2021-01-01,47,25
LAC,basketball,2021-01-01,47,25
DAL,basketball,2021-01-01,42,30
POR,basketball,2021-01-01,42,30
LAL,basketball,2021-01-01,42,30
GSW,basketball,2021-01-01,39,33
MEM,basketball,2021-01-01,38,34
SAS,basketball,2021-01-01,33,39
NOP,basketball,2021-01-01,31,41
SAC,basketball,2021-01-01,31,41
MIN,basketball,2021-01-01,23,49
OKC,basketball,2021-01-01,22,50
HOU,basketball,2021-01-01,17,55
NYY,baseball,2001-01-01,95,65
BOS,baseball,2001-01-01,82,79
TOR,baseball,2001-01-01,80,82
BAL,baseball,2001-01-01,63,98
TB,baseball,2001-01-01,62,100
CLE,baseball,2001-01-01,91,71
MIN,baseball,2001-01-01,85,77
CHW,baseball,2001-01-01,83,79
DET,baseball,2001-01-01,66,96
KC,baseball,2001-01-01,65,97
SEA,baseball,2001-01-01,116,46
OAK,baseball,2001-01-01,102,60
LAA,baseball,2001-01-01,75,87
TEX,baseball,2001-01-01,73,89
ATL,baseball,2001-01-01,88,74
PHI,baseball,2001-01-01,86,76
NYM,baseball,2001-01-01,82,80
MIA,baseball,2001-01-01,76,86
MTL,baseball,2001-01-01,68,94
HOU,baseball,2001-01-01,93,69
STL,baseball,2001-01-01,93,69
CHC,baseball,2001-01-01,88,74
MIL,baseball,2001-01-01,68,94
CIN,baseball,2001-01-01,66,96
PIT,baseball,2001-01-01,62,100
ARI,baseball,2001-01-01,92,70
SF,baseball,2001-01-01,90,72
LAD,baseball,2001-01-01,86,76
SD,baseball,2001-01-01,79,83
COL,baseball,2001-01-01,73,89
NYY,baseball,2002-01-01,103,58
BOS,baseball,2002-01-01,93,69
TOR,baseball,2002-01-01,78,84
BAL,baseball,2002-01-01,67,95
TB,baseball,2002-01-01,55,106
MIN,baseball,2002-01-01,94,67
CHW,baseball,2002-01-01,81,81
CLE,baseball,2002-01-01,74,88
KC,baseball,2002-01-01,62,100
DET,baseball,2002-01-01,55,106
OAK,baseball,2002-01-01,103,59
LAA,baseball,2002-01-01,99,63
SEA,baseball,2002-01-01,93,69
TEX,baseball,2002-01-01,72,90
ATL,baseball,2002-01-01,101,59
MTL,baseball,2002-01-01,83,79
PHI,baseball,2002-01-01,80,81
MIA,baseball,2002-01-01,79,83
NYM,baseball,2002-01-01,75,86
STL,baseball,2002-01-01,97,65
HOU,baseball,2002-01-01,84,78
CIN,baseball,2002-01-01,78,84
PIT,baseball,2002-01-01,72,89
CHC,baseball,2002-01-01,67,95
MIL,baseball,2002-01-01,56,106
ARI,baseball,2002-01-01,98,64
SF,baseball,2002-01-01,95,66
LAD,baseball,2002-01-01,92,70
COL,baseball,2002-01-01,73,89
SD,baseball,2002-01-01,66,96
NYY,baseball,2003-01-01,101,61
BOS,baseball,2003-01-01,95,67
TOR,baseball,2003-01-01,86,76
BAL,baseball,2003-01-01,71,91
TB,baseball,2003-01-01,63,99
MIN,baseball,2003-01-01,90,72
CHW,baseball,2003-01-01,86,76
KC,baseball,2003-01-01,83,79
CLE,baseball,2003-01-01,68,94
DET,baseball,2003-01-01,43,119
OAK,baseball,2003-01-01,96,66
SEA,baseball,2003-01-01,93,69
LAA,baseball,2003-01-01,77,85
TEX,baseball,2003-01-01,71,91
ATL,baseball,2003-01-01,101,61
MIA,baseball,2003-01-01,91,71
PHI,baseball,2003-01-01,86,76
MTL,baseball,2003-01-01,83,79
NYM,baseball,2003-01-01,66,95
CHC,baseball,2003-01-01,88,74
HOU,baseball,2003-01-01,87,75
STL,baseball,2003-01-01,85,77
PIT,baseball,2003-01-01,75,87
CIN,baseball,2003-01-01,69,93
MIL,baseball,2003-01-01,68,94
SF,baseball,2003-01-01,100,61
LAD,baseball,2003-01-01,85,77
ARI,baseball,2003-01-01,84,78
COL,baseball,2003-01-01,74,88
SD,baseball,2003-01-01,64,98
NYY,baseball,2004-01-01,101,61
BOS,baseball,2004-01-01,98,64
BAL,baseball,2004-01-01,78,84
TB,baseball,2004-01-01,70,91
TOR,baseball,2004-01-01,67,94
MIN,baseball,2004-01-01,92,70
CHW,baseball,2004-01-01,83,79
CLE,baseball,2004-01-01,80,82
DET,baseball,2004-01-01,72,90
KC,baseball,2004-01-01,58,104
LAA,baseball,2004-01-01,92,70
OAK,baseball,2004-01-01,91,71
TEX,baseball,2004-01-01,89,73
SEA,baseball,2004-01-01,63,99
ATL,baseball,2004-01-01,96,66
PHI,baseball,2004-01-01,86,76
MIA,baseball,2004-01-01,83,79
NYM,baseball,2004-01-01,71,91
MTL,baseball,2004-01-01,67,95
STL,baseball,2004-01-01,105,57
HOU,baseball,2004-01-01,92,70
CHC,baseball,2004-01-01,89,73
CIN,baseball,2004-01-01,76,86
PIT,baseball,2004-01-01,72,89
MIL,baseball,2004-01-01,67,94
LAD,baseball,2004-01-01,93,69
SF,baseball,2004-01-01,91,71
SD,baseball,2004-01-01,87,75
COL,baseball,2004-01-01,68,94
ARI,baseball,2004-01-01,51,111
NYY,baseball,2005-01-01,95,67
BOS,baseball,2005-01-01,95,67
TOR,baseball,2005-01-01,80,82
BAL,baseball,2005-01-01,74,88
TB,baseball,2005-01-01,67,95
CHW,baseball,2005-01-01,99,63
CLE,baseball,2005-01-01,93,69
MIN,baseball,2005-01-01,83,79
DET,baseball,2005-01-01,71,91
KC,baseball,2005-01-01,56,106
LAA,baseball,2005-01-01,95,67
OAK,baseball,2005-01-01,88,74
TEX,baseball,2005-01-01,79,83
SEA,baseball,2005-01-01,69,93
ATL,baseball,2005-01-01,90,72
PHI,baseball,2005-01-01,88,74
MIA,baseball,2005-01-01,83,79
NYM,baseball,2005-01-01,83,79
WAS,baseball,2005-01-01,81,81
STL,baseball,2005-01-01,100,62
HOU,baseball,2005-01-01,89,73
MIL,baseball,2005-01-01,81,81
CHC,baseball,2005-01-01,79,83
CIN,baseball,2005-01-01,73,89
PIT,baseball,2005-01-01,67,95
SD,baseball,2005-01-01,82,80
ARI,baseball,2005-01-01,77,85
SF,baseball,2005-01-01,75,87
LAD,baseball,2005-01-01,71,91
COL,baseball,2005-01-01,67,95
NYY,baseball,2006-01-01,97,65
TOR,baseball,2006-01-01,87,75
BOS,baseball,2006-01-01,86,76
BAL,baseball,2006-01-01,70,92
TB,baseball,2006-01-01,61,101
MIN,baseball,2006-01-01,96,66
DET,baseball,2006-01-01,95,67
CHW,baseball,2006-01-01,90,72
CLE,baseball,2006-01-01,78,84
KC,baseball,2006-01-01,62,100
OAK,baseball,2006-01-01,93,69
LAA,baseball,2006-01-01,89,73
TEX,baseball,2006-01-01,80,82
SEA,baseball,2006-01-01,78,84
NYM,baseball,2006-01-01,97,65
PHI,baseball,2006-01-01,85,77
ATL,baseball,2006-01-01,79,83
MIA,baseball,2006-01-01,78,84
WAS,baseball,2006-01-01,71,91
STL,baseball,2006-01-01,83,78
HOU,baseball,2006-01-01,82,80
CIN,baseball,2006-01-01,80,82
MIL,baseball,2006-01-01,75,87
PIT,baseball,2006-01-01,67,95
CHC,baseball,2006-01-01,66,96
SD,baseball,2006-01-01,88,74
LAD,baseball,2006-01-01,88,74
SF,baseball,2006-01-01,76,85
ARI,baseball,2006-01-01,76,86
COL,baseball,2006-01-01,76,86
BOS,baseball,2007-01-01,96,66
NYY,baseball,2007-01-01,94,68
TOR,baseball,2007-01-01,83,79
BAL,baseball,2007-01-01,69,93
TB,baseball,2007-01-01,66,96
CLE,baseball,2007-01-01,96,66
DET,baseball,2007-01-01,88,74
MIN,baseball,2007-01-01,79,83
CHW,baseball,2007-01-01,72,90
KC,baseball,2007-01-01,69,93
LAA,baseball,2007-01-01,94,68
SEA,baseball,2007-01-01,88,74
OAK,baseball,2007-01-01,76,86
TEX,baseball,2007-01-01,75,87
PHI,baseball,2007-01-01,89,73
NYM,baseball,2007-01-01,88,74
ATL,baseball,2007-01-01,84,78
WAS,baseball,2007-01-01,73,89
MIA,baseball,2007-01-01,71,91
CHC,baseball,2007-01-01,85,77
MIL,baseball,2007-01-01,83,79
STL,baseball,2007-01-01,78,84
HOU,baseball,2007-01-01,73,89
CIN,baseball,2007-01-01,72,90
PIT,baseball,2007-01-01,68,94
ARI,baseball,2007-01-01,90,72
COL,baseball,2007-01-01,90,73
SD,baseball,2007-01-01,89,74
LAD,baseball,2007-01-01,82,80
SF,baseball,2007-01-01,71,91
TB,baseball,2008-01-01,97,65
BOS,baseball,2008-01-01,95,67
NYY,baseball,2008-01-01,89,73
TOR,baseball,2008-01-01,86,76
BAL,baseball,2008-01-01,68,93
CHW,baseball,2008-01-01,89,74
MIN,baseball,2008-01-01,88,75
CLE,baseball,2008-01-01,81,81
KC,baseball,2008-01-01,75,87
DET,baseball,2008-01-01,74,88
LAA,baseball,2008-01-01,100,62
TEX,baseball,2008-01-01,79,83
OAK,baseball,2008-01-01,75,86
SEA,baseball,2008-01-01,61,101
PHI,baseball,2008-01-01,92,70
NYM,baseball,2008-01-01,89,73
MIA,baseball,2008-01-01,84,77
ATL,baseball,2008-01-01,72,90
WAS,baseball,2008-01-01,59,102
CHC,baseball,2008-01-01,97,64
MIL,baseball,2008-01-01,90,72
HOU,baseball,2008-01-01,86,75
STL,baseball,2008-01-01,86,76
CIN,baseball,2008-01-01,74,88
PIT,baseball,2008-01-01,67,95
LAD,baseball,2008-01-01,84,78
ARI,baseball,2008-01-01,82,80
COL,baseball,2008-01-01,74,88
SF,baseball,2008-01-01,72,90
SD,baseball,2008-01-01,63,99
NYY,baseball,2009-01-01,103,59
BOS,baseball,2009-01-01,95,67
TB,baseball,2009-01-01,84,78
TOR,baseball,2009-01-01,75,87
BAL,baseball,2009-01-01,64,98
MIN,baseball,2009-01-01,87,76
DET,baseball,2009-01-01,86,77
CHW,baseball,2009-01-01,79,83
CLE,baseball,2009-01-01,65,97
KC,baseball,2009-01-01,65,97
LAA,baseball,2009-01-01,97,65
TEX,baseball,2009-01-01,87,75
SEA,baseball,2009-01-01,85,77
OAK,baseball,2009-01-01,75,87
PHI,baseball,2009-01-01,93,69
MIA,baseball,2009-01-01,87,75
ATL,baseball,2009-01-01,86,76
NYM,baseball,2009-01-01,70,92
WAS,baseball,2009-01-01,59,103
STL,baseball,2009-01-01,91,71
CHC,baseball,2009-01-01,83,78
MIL,baseball,2009-01-01,80,82
CIN,baseball,2009-01-01,78,84
HOU,baseball,2009-01-01,74,88
PIT,baseball,2009-01-01,62,99
LAD,baseball,2009-01-01,95,67
COL,baseball,2009-01-01,92,70
SF,baseball,2009-01-01,88,74
SD,baseball,2009-01-01,75,87
ARI,baseball,2009-01-01,70,92
TB,baseball,2010-01-01,96,66
NYY,baseball,2010-01-01,95,67
BOS,baseball,2010-01-01,89,73
TOR,baseball,2010-01-01,85,77
BAL,baseball,2010-01-01,66,96
MIN,baseball,2010-01-01,94,68
CHW,baseball,2010-01-01,88,74
DET,baseball,2010-01-01,81,81
CLE,baseball,2010-01-01,69,93
KC,baseball,2010-01-01,67,95
TEX,baseball,2010-01-01,90,72
OAK,baseball,2010-01-01,81,81
LAA,baseball,2010-01-01,80,82
SEA,baseball,2010-01-01,61,101
PHI,baseball,2010-01-01,97,65
ATL,baseball,2010-01-01,91,71
MIA,baseball,2010-01-01,80,82
NYM,baseball,2010-01-01,79,83
WAS,baseball,2010-01-01,69,93
CIN,baseball,2010-01-01,91,71
STL,baseball,2010-01-01,86,76
MIL,baseball,2010-01-01,77,85
HOU,baseball,2010-01-01,76,86
CHC,baseball,2010-01-01,75,87
PIT,baseball,2010-01-01,57,105
SF,baseball,2010-01-01,92,70
SD,baseball,2010-01-01,90,72
COL,baseball,2010-01-01,83,79
LAD,baseball,2010-01-01,80,82
ARI,baseball,2010-01-01,65,97
NYY,baseball,2011-01-01,97,65
TB,baseball,2011-01-01,91,71
BOS,baseball,2011-01-01,90,72
TOR,baseball,2011-01-01,81,81
BAL,baseball,2011-01-01,69,93
DET,baseball,2011-01-01,95,67
CLE,baseball,2011-01-01,80,82
CHW,baseball,2011-01-01,79,83
KC,baseball,2011-01-01,71,91
MIN,baseball,2011-01-01,63,99
TEX,baseball,2011-01-01,96,66
LAA,baseball,2011-01-01,86,76
OAK,baseball,2011-01-01,74,88
SEA,baseball,2011-01-01,67,95
PHI,baseball,2011-01-01,102,60
ATL,baseball,2011-01-01,89,73
WAS,baseball,2011-01-01,80,81
NYM,baseball,2011-01-01,77,85
MIA,baseball,2011-01-01,72,90
MIL,baseball,2011-01-01,96,66
STL,baseball,2011-01-01,90,72
CIN,baseball,2011-01-01,79,83
PIT,baseball,2011-01-01,72,90
CHC,baseball,2011-01-01,71,91
HOU,baseball,2011-01-01,56,106
ARI,baseball,2011-01-01,94,68
SF,baseball,2011-01-01,86,76
LAD,baseball,2011-01-01,82,79
COL,baseball,2011-01-01,73,89
SD,baseball,2011-01-01,71,91
NYY,baseball,2012-01-01,95,67
BAL,baseball,2012-01-01,93,69
TB,baseball,2012-01-01,90,72
TOR,baseball,2012-01-01,73,89
BOS,baseball,2012-01-01,69,93
DET,baseball,2012-01-01,88,74
CHW,baseball,2012-01-01,85,77
KC,baseball,2012-01-01,72,90
CLE,baseball,2012-01-01,68,94
MIN,baseball,2012-01-01,66,96
OAK,baseball,2012-01-01,94,68
TEX,baseball,2012-01-01,93,69
LAA,baseball,2012-01-01,89,73
SEA,baseball,2012-01-01,75,87
WAS,baseball,2012-01-01,98,64
ATL,baseball,2012-01-01,94,68
PHI,baseball,2012-01-01,81,81
NYM,baseball,2012-01-01,74,88
MIA,baseball,2012-01-01,69,93
CIN,baseball,2012-01-01,97,65
STL,baseball,2012-01-01,88,74
MIL,baseball,2012-01-01,83,79
PIT,baseball,2012-01-01,79,83
CHC,baseball,2012-01-01,61,101
HOU,baseball,2012-01-01,55,107
SF,baseball,2012-01-01,94,68
LAD,baseball,2012-01-01,86,76
ARI,baseball,2012-01-01,81,81
SD,baseball,2012-01-01,76,86
COL,baseball,2012-01-01,64,98
BOS,baseball,2013-01-01,97,65
TB,baseball,2013-01-01,92,71
BAL,baseball,2013-01-01,85,77
NYY,baseball,2013-01-01,85,77
TOR,baseball,2013-01-01,74,88
DET,baseball,2013-01-01,93,69
CLE,baseball,2013-01-01,92,70
KC,baseball,2013-01-01,86,76
MIN,baseball,2013-01-01,66,96
CHW,baseball,2013-01-01,63,99
OAK,baseball,2013-01-01,96,66
TEX,baseball,2013-01-01,91,72
LAA,baseball,2013-01-01,78,84
SEA,baseball,2013-01-01,71,91
HOU,baseball,2013-01-01,51,111
ATL,baseball,2013-01-01,96,66
WAS,baseball,2013-01-01,86,76
NYM,baseball,2013-01-01,74,88
PHI,baseball,2013-01-01,73,89
MIA,baseball,2013-01-01,62,100
STL,baseball,2013-01-01,97,65
PIT,baseball,2013-01-01,94,68
CIN,baseball,2013-01-01,90,72
MIL,baseball,2013-01-01,74,88
CHC,baseball,2013-01-01,66,96
LAD,baseball,2013-01-01,92,70
ARI,baseball,2013-01-01,81,81
SD,baseball,2013-01-01,76,86
SF,baseball,2013-01-01,76,86
COL,baseball,2013-01-01,74,88
BAL,baseball,2014-01-01,96,66
NYY,baseball,2014-01-01,84,78
TOR,baseball,2014-01-01,83,79
TB,baseball,2014-01-01,77,85
BOS,baseball,2014-01-01,71,91
DET,baseball,2014-01-01,90,72
KC,baseball,2014-01-01,89,73
CLE,baseball,2014-01-01,85,77
CHW,baseball,2014-01-01,73,89
MIN,baseball,2014-01-01,70,92
LAA,baseball,2014-01-01,98,64
OAK,baseball,2014-01-01,88,74
SEA,baseball,2014-01-01,87,75
HOU,baseball,2014-01-01,70,92
TEX,baseball,2014-01-01,67,95
WAS,baseball,2014-01-01,96,66
ATL,baseball,2014-01-01,79,83
NYM,baseball,2014-01-01,79,83
MIA,baseball,2014-01-01,77,85
PHI,baseball,2014-01-01,73,89
STL,baseball,2014-01-01,90,72
PIT,baseball,2014-01-01,88,74
MIL,baseball,2014-01-01,82,80
CIN,baseball,2014-01-01,76,86
CHC,baseball,2014-01-01,73,89
LAD,baseball,2014-01-01,94,68
SF,baseball,2014-01-01,88,74
SD,baseball,2014-01-01,77,85
COL,baseball,2014-01-01,66,96
ARI,baseball,2014-01-01,64,98
TOR,baseball,2015-01-01,93,69
NYY,baseball,2015-01-01,87,75
BAL,baseball,2015-01-01,81,81
TB,baseball,2015-01-01,80,82
BOS,baseball,2015-01-01,78,84
KC,baseball,2015-01-01,95,67
MIN,baseball,2015-01-01,83,79
CLE,baseball,2015-01-01,81,80
CHW,baseball,2015-01-01,76,86
DET,baseball,2015-01-01,74,87
TEX,baseball,2015-01-01,88,74
HOU,baseball,2015-01-01,86,76
LAA,baseball,2015-01-01,85,77
SEA,baseball,2015-01-01,76,86
OAK,baseball,2015-01-01,68,94
NYM,baseball,2015-01-01,90,72
WAS,baseball,2015-01-01,83,79
MIA,baseball,2015-01-01,71,91
ATL,baseball,2015-01-01,67,95
PHI,baseball,2015-01-01,63,99
STL,baseball,2015-01-01,100,62
PIT,baseball,2015-01-01,98,64
CHC,baseball,2015-01-01,97,65
MIL,baseball,2015-01-01,68,94
CIN,baseball,2015-01-01,64,98
LAD,baseball,2015-01-01,92,70
SF,baseball,2015-01-01,84,78
ARI,baseball,2015-01-01,79,83
SD,baseball,2015-01-01,74,88
COL,baseball,2015-01-01,68,94
BOS,baseball,2016-01-01,93,69
BAL,baseball,2016-01-01,89,73
TOR,baseball,2016-01-01,89,73
NYY,baseball,2016-01-01,84,78
TB,baseball,2016-01-01,68,94
CLE,baseball,2016-01-01,94,67
DET,baseball,2016-01-01,86,75
KC,baseball,2016-01-01,81,81
CHW,baseball,2016-01-01,78,84
MIN,baseball,2016-01-01,59,103
TEX,baseball,2016-01-01,95,67
SEA,baseball,2016-01-01,86,76
HOU,baseball,2016-01-01,84,78
LAA,baseball,2016-01-01,74,88
OAK,baseball,2016-01-01,69,93
WAS,baseball,2016-01-01,95,67
NYM,baseball,2016-01-01,87,75
MIA,baseball,2016-01-01,79,82
PHI,baseball,2016-01-01,71,91
ATL,baseball,2016-01-01,68,93
CHC,baseball,2016-01-01,103,58
STL,baseball,2016-01-01,86,76
PIT,baseball,2016-01-01,78,83
MIL,baseball,2016-01-01,73,89
CIN,baseball,2016-01-01,68,94
LAD,baseball,2016-01-01,91,71
SF,baseball,2016-01-01,87,75
COL,baseball,2016-01-01,75,87
ARI,baseball,2016-01-01,69,93
SD,baseball,2016-01-01,68,94
BOS,baseball,2017-01-01,93,69
NYY,baseball,2017-01-01,91,71
TB,baseball,2017-01-01,80,82
TOR,baseball,2017-01-01,76,86
BAL,baseball,2017-01-01,75,87
CLE,baseball,2017-01-01,102,60
MIN,baseball,2017-01-01,85,77
KC,baseball,2017-01-01,80,82
CHW,baseball,2017-01-01,67,95
DET,baseball,2017-01-01,64,98
HOU,baseball,2017-01-01,101,61
LAA,baseball,2017-01-01,80,82
SEA,baseball,2017-01-01,78,84
TEX,baseball,2017-01-01,78,84
OAK,baseball,2017-01-01,75,87
WAS,baseball,2017-01-01,97,65
MIA,baseball,2017-01-01,77,85
ATL,baseball,2017-01-01,72,90
NYM,baseball,2017-01-01,70,92
PHI,baseball,2017-01-01,66,96
CHC,baseball,2017-01-01,92,70
MIL,baseball,2017-01-01,86,76
STL,baseball,2017-01-01,83,79
PIT,baseball,2017-01-01,75,87
CIN,baseball,2017-01-01,68,94
LAD,baseball,2017-01-01,104,58
ARI,baseball,2017-01-01,93,69
COL,baseball,2017-01-01,87,75
SD,baseball,2017-01-01,71,91
SF,baseball,2017-01-01,64,98
BOS,baseball,2018-01-01,108,54
NYY,baseball,2018-01-01,100,62
TB,baseball,2018-01-01,90,72
TOR,baseball,2018-01-01,73,89
BAL,baseball,2018-01-01,47,115
CLE,baseball,2018-01-01,91,71
MIN,baseball,2018-01-01,78,84
DET,baseball,2018-01-01,64,98
CHW,baseball,2018-01-01,62,100
KC,baseball,2018-01-01,58,104
HOU,baseball,2018-01-01,103,59
OAK,baseball,2018-01-01,97,65
SEA,baseball,2018-01-01,89,73
LAA,baseball,2018-01-01,80,82
TEX,baseball,2018-01-01,67,95
ATL,baseball,2018-01-01,90,72
WAS,baseball,2018-01-01,82,80
PHI,baseball,2018-01-01,80,82
NYM,baseball,2018-01-01,77,85
MIA,baseball,2018-01-01,63,98
MIL,baseball,2018-01-01,96,67
CHC,baseball,2018-01-01,95,68
STL,baseball,2018-01-01,88,74
PIT,baseball,2018-01-01,82,79
CIN,baseball,2018-01-01,67,95
LAD,baseball,2018-01-01,92,71
COL,baseball,2018-01-01,91,72
ARI,baseball,2018-01-01,82,80
SF,baseball,2018-01-01,73,89
SD,baseball,2018-01-01,66,96
NYY,baseball,2019-01-01,103,59
TB,baseball,2019-01-01,96,66
BOS,baseball,2019-01-01,84,78
TOR,baseball,2019-01-01,67,95
BAL,baseball,2019-01-01,54,108
MIN,baseball,2019-01-01,101,61
CLE,baseball,2019-01-01,93,69
CHW,baseball,2019-01-01,72,89
KC,baseball,2019-01-01,59,103
DET,baseball,2019-01-01,47,114
HOU,baseball,2019-01-01,107,55
OAK,baseball,2019-01-01,97,65
TEX,baseball,2019-01-01,78,84
LAA,baseball,2019-01-01,72,90
SEA,baseball,2019-01-01,68,94
ATL,baseball,2019-01-01,97,65
WAS,baseball,2019-01-01,93,69
NYM,baseball,2019-01-01,86,76
PHI,baseball,2019-01-01,81,81
MIA,baseball,2019-01-01,57,105
STL,baseball,2019-01-01,91,71
MIL,baseball,2019-01-01,89,73
CHC,baseball,2019-01-01,84,78
CIN,baseball,2019-01-01,75,87
PIT,baseball,2019-01-01,69,93
LAD,baseball,2019-01-01,106,56
ARI,baseball,2019-01-01,85,77
SF,baseball,2019-01-01,77,85
COL,baseball,2019-01-01,71,91
SD,baseball,2019-01-01,70,92
TB,baseball,2020-01-01,40,20
NYY,baseball,2020-01-01,33,27
TOR,baseball,2020-01-01,32,28
BAL,baseball,2020-01-01,25,35
BOS,baseball,2020-01-01,24,36
MIN,baseball,2020-01-01,36,24
CHW,baseball,2020-01-01,35,25
CLE,baseball,2020-01-01,35,25
KC,baseball,2020-01-01,26,34
DET,baseball,2020-01-01,23,35
OAK,baseball,2020-01-01,36,24
HOU,baseball,2020-01-01,29,31
SEA,baseball,2020-01-01,27,33
LAA,baseball,2020-01-01,26,34
TEX,baseball,2020-01-01,22,38
ATL,baseball,2020-01-01,35,25
MIA,baseball,2020-01-01,31,29
PHI,baseball,2020-01-01,28,32
NYM,baseball,2020-01-01,26,34
WAS,baseball,2020-01-01,26,34
CHC,baseball,2020-01-01,34,26
STL,baseball,2020-01-01,30,28
CIN,baseball,2020-01-01,31,29
MIL,baseball,2020-01-01,29,31
PIT,baseball,2020-01-01,19,41
LAD,baseball,2020-01-01,43,17
SD,baseball,2020-01-01,37,23
SF,baseball,2020-01-01,29,31
COL,baseball,2020-01-01,26,34
ARI,baseball,2020-01-01,25,35
TB,baseball,2021-01-01,100,62
BOS,baseball,2021-01-01,92,70
NYY,baseball,2021-01-01,92,70
TOR,baseball,2021-01-01,91,71
BAL,baseball,2021-01-01,52,110
CHW,baseball,2021-01-01,93,69
CLE,baseball,2021-01-01,80,82
DET,baseball,2021-01-01,77,85
KC,baseball,2021-01-01,74,88
MIN,baseball,2021-01-01,73,89
HOU,baseball,2021-01-01,95,67
SEA,baseball,2021-01-01,90,72
OAK,baseball,2021-01-01,86,76
LAA,baseball,2021-01-01,77,85
TEX,baseball,2021-01-01,60,102
ATL,baseball,2021-01-01,88,73
PHI,baseball,2021-01-01,82,80
NYM,baseball,2021-01-01,77,85
MIA,baseball,2021-01-01,67,95
WAS,baseball,2021-01-01,65,97
MIL,baseball,2021-01-01,95,67
STL,baseball,2021-01-01,90,72
CIN,baseball,2021-01-01,83,79
CHC,baseball,2021-01-01,71,91
PIT,baseball,2021-01-01,61,101
SF,baseball,2021-01-01,107,55
LAD,baseball,2021-01-01,106,56
SD,baseball,2021-01-01,79,83
COL,baseball,2021-01-01,74,87
ARI,baseball,2021-01-01,52,110
NE,football,2001-01-01,11,5
MIA,football,2001-01-01,11,5
NYJ,football,2001-01-01,10,6
IND,football,2001-01-01,6,10
BUF,football,2001-01-01,3,13
PIT,football,2001-01-01,13,3
BAL,football,2001-01-01,10,6
CLE,football,2001-01-01,7,9
TEN,football,2001-01-01,7,9
JAX,football,2001-01-01,6,10
CIN,football,2001-01-01,6,10
OAK,football,2001-01-01,10,6
SEA,football,2001-01-01,9,7
DEN,football,2001-01-01,8,8
KAN,football,2001-01-01,6,10
SDG,football,2001-01-01,5,11
PHI,football,2001-01-01,11,5
WAS,football,2001-01-01,8,8
NYG,football,2001-01-01,7,9
ARI,football,2001-01-01,7,9
DAL,football,2001-01-01,5,11
CHI,football,2001-01-01,13,3
GNB,football,2001-01-01,12,4
TAM,football,2001-01-01,9,7
MIN,football,2001-01-01,5,11
DET,football,2001-01-01,2,14
STL,football,2001-01-01,14,2
SFO,football,2001-01-01,12,4
NOR,football,2001-01-01,7,9
ATL,football,2001-01-01,7,9
CAR,football,2001-01-01,1,15
NYJ,football,2002-01-01,9,7
NE,football,2002-01-01,9,7
MIA,football,2002-01-01,9,7
BUF,football,2002-01-01,8,8
PIT,football,2002-01-01,10,5
CLE,football,2002-01-01,9,7
BAL,football,2002-01-01,7,9
CIN,football,2002-01-01,2,14
TEN,football,2002-01-01,11,5
IND,football,2002-01-01,10,6
JAX,football,2002-01-01,6,10
HOU,football,2002-01-01,4,12
OAK,football,2002-01-01,11,5
DEN,football,2002-01-01,9,7
SDG,football,2002-01-01,8,8
KAN,football,2002-01-01,8,8
PHI,football,2002-01-01,12,4
NYG,football,2002-01-01,10,6
WAS,football,2002-01-01,7,9
DAL,football,2002-01-01,5,11
GNB,football,2002-01-01,12,4
MIN,football,2002-01-01,6,10
CHI,football,2002-01-01,4,12
DET,football,2002-01-01,3,13
TAM,football,2002-01-01,12,4
ATL,football,2002-01-01,9,6
NOR,football,2002-01-01,9,7
CAR,football,2002-01-01,7,9
SFO,football,2002-01-01,10,6
STL,football,2002-01-01,7,9
SEA,football,2002-01-01,7,9
ARI,football,2002-01-01,5,11
NE,football,2003-01-01,14,2
MIA,football,2003-01-01,10,6
BUF,football,2003-01-01,6,10
NYJ,football,2003-01-01,6,10
BAL,football,2003-01-01,10,6
CIN,football,2003-01-01,8,8
PIT,football,2003-01-01,6,10
CLE,football,2003-01-01,5,11
IND,football,2003-01-01,12,4
TEN,football,2003-01-01,12,4
JAX,football,2003-01-01,5,11
HOU,football,2003-01-01,5,11
KAN,football,2003-01-01,13,3
DEN,football,2003-01-01,10,6
OAK,football,2003-01-01,4,12
SDG,football,2003-01-01,4,12
PHI,football,2003-01-01,12,4
DAL,football,2003-01-01,10,6
WAS,football,2003-01-01,5,11
NYG,football,2003-01-01,4,12
GNB,football,2003-01-01,10,6
MIN,football,2003-01-01,9,7
CHI,football,2003-01-01,7,9
DET,football,2003-01-01,5,11
CAR,football,2003-01-01,11,5
NOR,football,2003-01-01,8,8
TAM,football,2003-01-01,7,9
ATL,football,2003-01-01,5,11
STL,football,2003-01-01,12,4
SEA,football,2003-01-01,10,6
SFO,football,2003-01-01,7,9
ARI,football,2003-01-01,4,12
NE,football,2004-01-01,14,2
NYJ,football,2004-01-01,10,6
BUF,football,2004-01-01,9,7
MIA,football,2004-01-01,4,12
PIT,football,2004-01-01,15,1
BAL,football,2004-01-01,9,7
CIN,football,2004-01-01,8,8
CLE,football,2004-01-01,4,12
IND,football,2004-01-01,12,4
JAX,football,2004-01-01,9,7
HOU,football,2004-01-01,7,9
TEN,football,2004-01-01,5,11
SDG,football,2004-01-01,12,4
DEN,football,2004-01-01,10,6
KAN,football,2004-01-01,7,9
OAK,football,2004-01-01,5,11
PHI,football,2004-01-01,13,3
NYG,football,2004-01-01,6,10
DAL,football,2004-01-01,6,10
WAS,football,2004-01-01,6,10
GNB,football,2004-01-01,10,6
MIN,football,2004-01-01,8,8
DET,football,2004-01-01,6,10
CHI,football,2004-01-01,5,11
ATL,football,2004-01-01,11,5
NOR,football,2004-01-01,8,8
CAR,football,2004-01-01,7,9
TAM,football,2004-01-01,5,11
SEA,football,2004-01-01,9,7
STL,football,2004-01-01,8,8
ARI,football,2004-01-01,6,10
SFO,football,2004-01-01,2,14
NE,football,2005-01-01,10,6
MIA,football,2005-01-01,9,7
BUF,football,2005-01-01,5,11
NYJ,football,2005-01-01,4,12
CIN,football,2005-01-01,11,5
PIT,football,2005-01-01,11,5
BAL,football,2005-01-01,6,10
CLE,football,2005-01-01,6,10
IND,football,2005-01-01,14,2
JAX,football,2005-01-01,12,4
TEN,football,2005-01-01,4,12
HOU,football,2005-01-01,2,14
DEN,football,2005-01-01,13,3
KAN,football,2005-01-01,10,6
SDG,football,2005-01-01,9,7
OAK,football,2005-01-01,4,12
NYG,football,2005-01-01,11,5
WAS,football,2005-01-01,10,6
DAL,football,2005-01-01,9,7
PHI,football,2005-01-01,6,10
CHI,football,2005-01-01,11,5
MIN,football,2005-01-01,9,7
DET,football,2005-01-01,5,11
GNB,football,2005-01-01,4,12
TAM,football,2005-01-01,11,5
CAR,football,2005-01-01,11,5
ATL,football,2005-01-01,8,8
NOR,football,2005-01-01,3,13
SEA,football,2005-01-01,13,3
STL,football,2005-01-01,6,10
ARI,football,2005-01-01,5,11
SFO,football,2005-01-01,4,12
NE,football,2006-01-01,12,4
NYJ,football,2006-01-01,10,6
BUF,football,2006-01-01,7,9
MIA,football,2006-01-01,6,10
BAL,football,2006-01-01,13,3
CIN,football,2006-01-01,8,8
PIT,football,2006-01-01,8,8
CLE,football,2006-01-01,4,12
IND,football,2006-01-01,12,4
TEN,football,2006-01-01,8,8
JAX,football,2006-01-01,8,8
HOU,football,2006-01-01,6,10
SDG,football,2006-01-01,14,2
KAN,football,2006-01-01,9,7
DEN,football,2006-01-01,9,7
OAK,football,2006-01-01,2,14
PHI,football,2006-01-01,10,6
DAL,football,2006-01-01,9,7
NYG,football,2006-01-01,8,8
WAS,football,2006-01-01,5,11
CHI,football,2006-01-01,13,3
GNB,football,2006-01-01,8,8
MIN,football,2006-01-01,6,10
DET,football,2006-01-01,3,13
NOR,football,2006-01-01,10,6
CAR,football,2006-01-01,8,8
ATL,football,2006-01-01,7,9
TAM,football,2006-01-01,4,12
SEA,football,2006-01-01,9,7
STL,football,2006-01-01,8,8
SFO,football,2006-01-01,7,9
ARI,football,2006-01-01,5,11
NE,football,2007-01-01,16,0
BUF,football,2007-01-01,7,9
NYJ,football,2007-01-01,4,12
MIA,football,2007-01-01,1,15
PIT,football,2007-01-01,10,6
CLE,football,2007-01-01,10,6
CIN,football,2007-01-01,7,9
BAL,football,2007-01-01,5,11
IND,football,2007-01-01,13,3
JAX,football,2007-01-01,11,5
TEN,football,2007-01-01,10,6
HOU,football,2007-01-01,8,8
SDG,football,2007-01-01,11,5
DEN,football,2007-01-01,7,9
KAN,football,2007-01-01,4,12
OAK,football,2007-01-01,4,12
DAL,football,2007-01-01,13,3
NYG,football,2007-01-01,10,6
WAS,football,2007-01-01,9,7
PHI,football,2007-01-01,8,8
GNB,football,2007-01-01,13,3
MIN,football,2007-01-01,8,8
DET,football,2007-01-01,7,9
CHI,football,2007-01-01,7,9
TAM,football,2007-01-01,9,7
CAR,football,2007-01-01,7,9
NOR,football,2007-01-01,7,9
ATL,football,2007-01-01,4,12
SEA,football,2007-01-01,10,6
ARI,football,2007-01-01,8,8
SFO,football,2007-01-01,5,11
STL,football,2007-01-01,3,13
MIA,football,2008-01-01,11,5
NE,football,2008-01-01,11,5
NYJ,football,2008-01-01,9,7
BUF,football,2008-01-01,7,9
PIT,football,2008-01-01,12,4
BAL,football,2008-01-01,11,5
CIN,football,2008-01-01,4,11
CLE,football,2008-01-01,4,12
TEN,football,2008-01-01,13,3
IND,football,2008-01-01,12,4
HOU,football,2008-01-01,8,8
JAX,football,2008-01-01,5,11
SDG,football,2008-01-01,8,8
DEN,football,2008-01-01,8,8
OAK,football,2008-01-01,5,11
KAN,football,2008-01-01,2,14
NYG,football,2008-01-01,12,4
PHI,football,2008-01-01,9,6
DAL,football,2008-01-01,9,7
WAS,football,2008-01-01,8,8
MIN,football,2008-01-01,10,6
CHI,football,2008-01-01,9,7
GNB,football,2008-01-01,6,10
DET,football,2008-01-01,0,16
CAR,football,2008-01-01,12,4
ATL,football,2008-01-01,11,5
TAM,football,2008-01-01,9,7
NOR,football,2008-01-01,8,8
ARI,football,2008-01-01,9,7
SFO,football,2008-01-01,7,9
SEA,football,2008-01-01,4,12
STL,football,2008-01-01,2,14
NE,football,2009-01-01,10,6
NYJ,football,2009-01-01,9,7
MIA,football,2009-01-01,7,9
BUF,football,2009-01-01,6,10
CIN,football,2009-01-01,10,6
BAL,football,2009-01-01,9,7
PIT,football,2009-01-01,9,7
CLE,football,2009-01-01,5,11
IND,football,2009-01-01,14,2
HOU,football,2009-01-01,9,7
TEN,football,2009-01-01,8,8
JAX,football,2009-01-01,7,9
SDG,football,2009-01-01,13,3
DEN,football,2009-01-01,8,8
OAK,football,2009-01-01,5,11
KAN,football,2009-01-01,4,12
DAL,football,2009-01-01,11,5
PHI,football,2009-01-01,11,5
NYG,football,2009-01-01,8,8
WAS,football,2009-01-01,4,12
MIN,football,2009-01-01,12,4
GNB,football,2009-01-01,11,5
CHI,football,2009-01-01,7,9
DET,football,2009-01-01,2,14
NOR,football,2009-01-01,13,3
ATL,football,2009-01-01,9,7
CAR,football,2009-01-01,8,8
TAM,football,2009-01-01,3,13
ARI,football,2009-01-01,10,6
SFO,football,2009-01-01,8,8
SEA,football,2009-01-01,5,11
STL,football,2009-01-01,1,15
NE,football,2010-01-01,14,2
NYJ,football,2010-01-01,11,5
MIA,football,2010-01-01,7,9
BUF,football,2010-01-01,4,12
PIT,football,2010-01-01,12,4
BAL,football,2010-01-01,12,4
CLE,football,2010-01-01,5,11
CIN,football,2010-01-01,4,12
IND,football,2010-01-01,10,6
JAX,football,2010-01-01,8,8
HOU,football,2010-01-01,6,10
TEN,football,2010-01-01,6,10
KAN,football,2010-01-01,10,6
SDG,football,2010-01-01,9,7
OAK,football,2010-01-01,8,8
DEN,football,2010-01-01,4,12
PHI,football,2010-01-01,10,6
NYG,football,2010-01-01,10,6
DAL,football,2010-01-01,6,10
WAS,football,2010-01-01,6,10
CHI,football,2010-01-01,11,5
GNB,football,2010-01-01,10,6
DET,football,2010-01-01,6,10
MIN,football,2010-01-01,6,10
ATL,football,2010-01-01,13,3
NOR,football,2010-01-01,11,5
TAM,football,2010-01-01,10,6
CAR,football,2010-01-01,2,14
SEA,football,2010-01-01,7,9
STL,football,2010-01-01,7,9
SFO,football,2010-01-01,6,10
ARI,football,2010-01-01,5,11
NE,football,2011-01-01,13,3
NYJ,football,2011-01-01,8,8
MIA,football,2011-01-01,6,10
BUF,football,2011-01-01,6,10
BAL,football,2011-01-01,12,4
PIT,football,2011-01-01,12,4
CIN,football,2011-01-01,9,7
CLE,football,2011-01-01,4,12
HOU,football,2011-01-01,10,6
TEN,football,2011-01-01,9,7
JAX,football,2011-01-01,5,11
IND,football,2011-01-01,2,14
DEN,football,2011-01-01,8,8
SDG,football,2011-01-01,8,8
OAK,football,2011-01-01,8,8
KAN,football,2011-01-01,7,9
NYG,football,2011-01-01,9,7
PHI,football,2011-01-01,8,8
DAL,football,2011-01-01,8,8
WAS,football,2011-01-01,5,11
GNB,football,2011-01-01,15,1
DET,football,2011-01-01,10,6
CHI,football,2011-01-01,8,8
MIN,football,2011-01-01,3,13
NOR,football,2011-01-01,13,3
ATL,football,2011-01-01,10,6
CAR,football,2011-01-01,6,10
TAM,football,2011-01-01,4,12
SFO,football,2011-01-01,13,3
ARI,football,2011-01-01,8,8
SEA,football,2011-01-01,7,9
STL,football,2011-01-01,2,14
NE,football,2012-01-01,12,4
MIA,football,2012-01-01,7,9
NYJ,football,2012-01-01,6,10
BUF,football,2012-01-01,6,10
BAL,football,2012-01-01,10,6
CIN,football,2012-01-01,10,6
PIT,football,2012-01-01,8,8
CLE,football,2012-01-01,5,11
HOU,football,2012-01-01,12,4
IND,football,2012-01-01,11,5
TEN,football,2012-01-01,6,10
JAX,football,2012-01-01,2,14
DEN,football,2012-01-01,13,3
SDG,football,2012-01-01,7,9
OAK,football,2012-01-01,4,12
KAN,football,2012-01-01,2,14
WAS,football,2012-01-01,10,6
NYG,football,2012-01-01,9,7
DAL,football,2012-01-01,8,8
PHI,football,2012-01-01,4,12
GNB,football,2012-01-01,11,5
MIN,football,2012-01-01,10,6
CHI,football,2012-01-01,10,6
DET,football,2012-01-01,4,12
ATL,football,2012-01-01,13,3
CAR,football,2012-01-01,7,9
NOR,football,2012-01-01,7,9
TAM,football,2012-01-01,7,9
SFO,football,2012-01-01,11,4
SEA,football,2012-01-01,11,5
STL,football,2012-01-01,7,8
ARI,football,2012-01-01,5,11
NE,football,2013-01-01,12,4
NYJ,football,2013-01-01,8,8
MIA,football,2013-01-01,8,8
BUF,football,2013-01-01,6,10
CIN,football,2013-01-01,11,5
PIT,football,2013-01-01,8,8
BAL,football,2013-01-01,8,8
CLE,football,2013-01-01,4,12
IND,football,2013-01-01,11,5
TEN,football,2013-01-01,7,9
JAX,football,2013-01-01,4,12
HOU,football,2013-01-01,2,14
DEN,football,2013-01-01,13,3
KAN,football,2013-01-01,11,5
SDG,football,2013-01-01,9,7
OAK,football,2013-01-01,4,12
PHI,football,2013-01-01,10,6
DAL,football,2013-01-01,8,8
NYG,football,2013-01-01,7,9
WAS,football,2013-01-01,3,13
GNB,football,2013-01-01,8,7
CHI,football,2013-01-01,8,8
DET,football,2013-01-01,7,9
MIN,football,2013-01-01,5,10
CAR,football,2013-01-01,12,4
NOR,football,2013-01-01,11,5
ATL,football,2013-01-01,4,12
TAM,football,2013-01-01,4,12
SEA,football,2013-01-01,13,3
SFO,football,2013-01-01,12,4
ARI,football,2013-01-01,10,6
STL,football,2013-01-01,7,9
NE,football,2014-01-01,12,4
BUF,football,2014-01-01,9,7
MIA,football,2014-01-01,8,8
NYJ,football,2014-01-01,4,12
PIT,football,2014-01-01,11,5
CIN,football,2014-01-01,10,5
BAL,football,2014-01-01,10,6
CLE,football,2014-01-01,7,9
IND,football,2014-01-01,11,5
HOU,football,2014-01-01,9,7
JAX,football,2014-01-01,3,13
TEN,football,2014-01-01,2,14
DEN,football,2014-01-01,12,4
KAN,football,2014-01-01,9,7
SDG,football,2014-01-01,9,7
OAK,football,2014-01-01,3,13
DAL,football,2014-01-01,12,4
PHI,football,2014-01-01,10,6
NYG,football,2014-01-01,6,10
WAS,football,2014-01-01,4,12
GNB,football,2014-01-01,12,4
DET,football,2014-01-01,11,5
MIN,football,2014-01-01,7,9
CHI,football,2014-01-01,5,11
CAR,football,2014-01-01,7,8
NOR,football,2014-01-01,7,9
ATL,football,2014-01-01,6,10
TAM,football,2014-01-01,2,14
SEA,football,2014-01-01,12,4
ARI,football,2014-01-01,11,5
SFO,football,2014-01-01,8,8
STL,football,2014-01-01,6,10
NE,football,2015-01-01,12,4
NYJ,football,2015-01-01,10,6
BUF,football,2015-01-01,8,8
MIA,football,2015-01-01,6,10
CIN,football,2015-01-01,12,4
PIT,football,2015-01-01,10,6
BAL,football,2015-01-01,5,11
CLE,football,2015-01-01,3,13
HOU,football,2015-01-01,9,7
IND,football,2015-01-01,8,8
JAX,football,2015-01-01,5,11
TEN,football,2015-01-01,3,13
DEN,football,2015-01-01,12,4
KAN,football,2015-01-01,11,5
OAK,football,2015-01-01,7,9
SDG,football,2015-01-01,4,12
WAS,football,2015-01-01,9,7
PHI,football,2015-01-01,7,9
NYG,football,2015-01-01,6,10
DAL,football,2015-01-01,4,12
MIN,football,2015-01-01,11,5
GNB,football,2015-01-01,10,6
DET,football,2015-01-01,7,9
CHI,football,2015-01-01,6,10
CAR,football,2015-01-01,15,1
ATL,football,2015-01-01,8,8
NOR,football,2015-01-01,7,9
TAM,football,2015-01-01,6,10
ARI,football,2015-01-01,13,3
SEA,football,2015-01-01,10,6
STL,football,2015-01-01,7,9
SFO,football,2015-01-01,5,11
NE,football,2016-01-01,14,2
MIA,football,2016-01-01,10,6
BUF,football,2016-01-01,7,9
NYJ,football,2016-01-01,5,11
PIT,football,2016-01-01,11,5
BAL,football,2016-01-01,8,8
CIN,football,2016-01-01,6,9
CLE,football,2016-01-01,1,15
HOU,football,2016-01-01,9,7
TEN,football,2016-01-01,9,7
IND,football,2016-01-01,8,8
JAX,football,2016-01-01,3,13
KAN,football,2016-01-01,12,4
OAK,football,2016-01-01,12,4
DEN,football,2016-01-01,9,7
SDG,football,2016-01-01,5,11
DAL,football,2016-01-01,13,3
NYG,football,2016-01-01,11,5
WAS,football,2016-01-01,8,7
PHI,football,2016-01-01,7,9
GNB,football,2016-01-01,10,6
DET,football,2016-01-01,9,7
MIN,football,2016-01-01,8,8
CHI,football,2016-01-01,3,13
ATL,football,2016-01-01,11,5
TAM,football,2016-01-01,9,7
NOR,football,2016-01-01,7,9
CAR,football,2016-01-01,6,10
SEA,football,2016-01-01,10,5
ARI,football,2016-01-01,7,8
LAR,football,2016-01-01,4,12
SFO,football,2016-01-01,2,14
NE,football,2017-01-01,13,3
BUF,football,2017-01-01,9,7
MIA,football,2017-01-01,6,10
NYJ,football,2017-01-01,5,11
PIT,football,2017-01-01,13,3
BAL,football,2017-01-01,9,7
CIN,football,2017-01-01,7,9
CLE,football,2017-01-01,0,16
JAX,football,2017-01-01,10,6
TEN,football,2017-01-01,9,7
IND,football,2017-01-01,4,12
HOU,football,2017-01-01,4,12
KAN,football,2017-01-01,10,6
LAC,football,2017-01-01,9,7
OAK,football,2017-01-01,6,10
DEN,football,2017-01-01,5,11
PHI,football,2017-01-01,13,3
DAL,football,2017-01-01,9,7
WAS,football,2017-01-01,7,9
NYG,football,2017-01-01,3,13
MIN,football,2017-01-01,13,3
DET,football,2017-01-01,9,7
GNB,football,2017-01-01,7,9
CHI,football,2017-01-01,5,11
NOR,football,2017-01-01,11,5
CAR,football,2017-01-01,11,5
ATL,football,2017-01-01,10,6
TAM,football,2017-01-01,5,11
LAR,football,2017-01-01,11,5
SEA,football,2017-01-01,9,7
ARI,football,2017-01-01,8,8
SFO,football,2017-01-01,6,10
NE,football,2018-01-01,11,5
MIA,football,2018-01-01,7,9
BUF,football,2018-01-01,6,10
NYJ,football,2018-01-01,4,12
BAL,football,2018-01-01,10,6
PIT,football,2018-01-01,9,6
CLE,football,2018-01-01,7,8
CIN,football,2018-01-01,6,10
HOU,football,2018-01-01,11,5
IND,football,2018-01-01,10,6
TEN,football,2018-01-01,9,7
JAX,football,2018-01-01,5,11
KAN,football,2018-01-01,12,4
LAC,football,2018-01-01,12,4
DEN,football,2018-01-01,6,10
OAK,football,2018-01-01,4,12
DAL,football,2018-01-01,10,6
PHI,football,2018-01-01,9,7
WAS,football,2018-01-01,7,9
NYG,football,2018-01-01,5,11
CHI,football,2018-01-01,12,4
MIN,football,2018-01-01,8,7
GNB,football,2018-01-01,6,9
DET,football,2018-01-01,6,10
NOR,football,2018-01-01,13,3
ATL,football,2018-01-01,7,9
CAR,football,2018-01-01,7,9
TAM,football,2018-01-01,5,11
LAR,football,2018-01-01,13,3
SEA,football,2018-01-01,10,6
SFO,football,2018-01-01,4,12
ARI,football,2018-01-01,3,13
NE,football,2019-01-01,12,4
BUF,football,2019-01-01,10,6
NYJ,football,2019-01-01,7,9
MIA,football,2019-01-01,5,11
BAL,football,2019-01-01,14,2
PIT,football,2019-01-01,8,8
CLE,football,2019-01-01,6,10
CIN,football,2019-01-01,2,14
HOU,football,2019-01-01,10,6
TEN,football,2019-01-01,9,7
IND,football,2019-01-01,7,9
JAX,football,2019-01-01,6,10
KAN,football,2019-01-01,12,4
DEN,football,2019-01-01,7,9
OAK,football,2019-01-01,7,9
LAC,football,2019-01-01,5,11
PHI,football,2019-01-01,9,7
DAL,football,2019-01-01,8,8
NYG,football,2019-01-01,4,12
WAS,football,2019-01-01,3,13
GNB,football,2019-01-01,13,3
MIN,football,2019-01-01,10,6
CHI,football,2019-01-01,8,8
DET,football,2019-01-01,3,12
NOR,football,2019-01-01,13,3
ATL,football,2019-01-01,7,9
TAM,football,2019-01-01,7,9
CAR,football,2019-01-01,5,11
SFO,football,2019-01-01,13,3
SEA,football,2019-01-01,11,5
LAR,football,2019-01-01,9,7
ARI,football,2019-01-01,5,10
BUF,football,2020-01-01,13,3
MIA,football,2020-01-01,10,6
NE,football,2020-01-01,7,9
NYJ,football,2020-01-01,2,14
PIT,football,2020-01-01,12,4
BAL,football,2020-01-01,11,5
CLE,football,2020-01-01,11,5
CIN,football,2020-01-01,4,11
TEN,football,2020-01-01,11,5
IND,football,2020-01-01,11,5
HOU,football,2020-01-01,4,12
JAX,football,2020-01-01,1,15
KAN,football,2020-01-01,14,2
LVR,football,2020-01-01,8,8
LAC,football,2020-01-01,7,9
DEN,football,2020-01-01,5,11
WAS,football,2020-01-01,7,9
NYG,football,2020-01-01,6,10
DAL,football,2020-01-01,6,10
PHI,football,2020-01-01,4,11
GNB,football,2020-01-01,13,3
CHI,football,2020-01-01,8,8
MIN,football,2020-01-01,7,9
DET,football,2020-01-01,5,11
NOR,football,2020-01-01,12,4
TAM,football,2020-01-01,11,5
CAR,football,2020-01-01,5,11
ATL,football,2020-01-01,4,12
SEA,football,2020-01-01,12,4
LAR,football,2020-01-01,10,6
ARI,football,2020-01-01,8,8
SFO,football,2020-01-01,6,10
BUF,football,2021-01-01,11,6
NE,football,2021-01-01,10,7
MIA,football,2021-01-01,9,8
NYJ,football,2021-01-01,4,13
CIN,football,2021-01-01,10,7
PIT,football,2021-01-01,9,7
CLE,football,2021-01-01,8,9
BAL,football,2021-01-01,8,9
TEN,football,2021-01-01,12,5
IND,football,2021-01-01,9,8
HOU,football,2021-01-01,4,13
JAX,football,2021-01-01,3,14
KAN,football,2021-01-01,12,5
LVR,football,2021-01-01,10,7
LAC,football,2021-01-01,9,8
DEN,football,2021-01-01,7,10
DAL,football,2021-01-01,12,5
PHI,football,2021-01-01,9,8
WAS,football,2021-01-01,7,10
NYG,football,2021-01-01,4,13
GNB,football,2021-01-01,13,4
MIN,football,2021-01-01,8,9
CHI,football,2021-01-01,6,11
DET,football,2021-01-01,3,13
TAM,football,2021-01-01,13,4
NOR,football,2021-01-01,9,8
ATL,football,2021-01-01,7,10
CAR,football,2021-01-01,5,12
LAR,football,2021-01-01,12,5
ARI,football,2021-01-01,11,6
SFO,football,2021-01-01,10,7
SEA,football,2021-01-01,7,10
ATL,hockey,2001-01-01,23,45
BOS,hockey,2001-01-01,36,30
BUF,hockey,2001-01-01,46,30
CAR,hockey,2001-01-01,38,32
CBL,hockey,2001-01-01,28,39
CGY,hockey,2001-01-01,27,36
CHI,hockey,2001-01-01,29,40
COL,hockey,2001-01-01,52,16
DAL,hockey,2001-01-01,48,24
DET,hockey,2001-01-01,49,20
EDM,hockey,2001-01-01,39,28
FLA,hockey,2001-01-01,22,38
LAK,hockey,2001-01-01,38,28
ANA,hockey,2001-01-01,25,41
MIN,hockey,2001-01-01,25,39
MTL,hockey,2001-01-01,28,40
NJD,hockey,2001-01-01,48,19
NSH,hockey,2001-01-01,34,36
NYI,hockey,2001-01-01,21,51
NYR,hockey,2001-01-01,33,43
OTT,hockey,2001-01-01,48,21
PHI,hockey,2001-01-01,43,25
PHX,hockey,2001-01-01,35,27
PIT,hockey,2001-01-01,42,28
SJS,hockey,2001-01-01,40,27
STL,hockey,2001-01-01,43,22
TBL,hockey,2001-01-01,24,47
TOR,hockey,2001-01-01,37,29
VAN,hockey,2001-01-01,36,28
WSH,hockey,2001-01-01,41,27
ATL,hockey,2002-01-01,19,47
BOS,hockey,2002-01-01,43,24
BUF,hockey,2002-01-01,35,35
CAR,hockey,2002-01-01,35,26
CBL,hockey,2002-01-01,22,47
CGY,hockey,2002-01-01,32,35
CHI,hockey,2002-01-01,41,27
COL,hockey,2002-01-01,45,28
DAL,hockey,2002-01-01,36,28
DET,hockey,2002-01-01,51,17
EDM,hockey,2002-01-01,38,28
FLA,hockey,2002-01-01,22,44
LAK,hockey,2002-01-01,40,27
ANA,hockey,2002-01-01,29,42
MIN,hockey,2002-01-01,26,35
MTL,hockey,2002-01-01,36,31
NJD,hockey,2002-01-01,41,28
NSH,hockey,2002-01-01,28,41
NYI,hockey,2002-01-01,42,28
NYR,hockey,2002-01-01,36,38
OTT,hockey,2002-01-01,39,27
PHI,hockey,2002-01-01,42,27
PHX,hockey,2002-01-01,40,27
PIT,hockey,2002-01-01,28,41
SJS,hockey,2002-01-01,44,27
STL,hockey,2002-01-01,43,27
TBL,hockey,2002-01-01,27,40
TOR,hockey,2002-01-01,43,25
VAN,hockey,2002-01-01,42,30
WSH,hockey,2002-01-01,36,33
ATL,hockey,2003-01-01,31,39
BOS,hockey,2003-01-01,36,31
BUF,hockey,2003-01-01,27,37
CAR,hockey,2003-01-01,22,43
CBL,hockey,2003-01-01,29,42
CGY,hockey,2003-01-01,29,36
CHI,hockey,2003-01-01,30,33
COL,hockey,2003-01-01,42,19
DAL,hockey,2003-01-01,46,17
DET,hockey,2003-01-01,48,20
EDM,hockey,2003-01-01,36,26
FLA,hockey,2003-01-01,24,36
LAK,hockey,2003-01-01,33,36
ANA,hockey,2003-01-01,40,27
MIN,hockey,2003-01-01,42,29
MTL,hockey,2003-01-01,30,35
NJD,hockey,2003-01-01,46,20
NSH,hockey,2003-01-01,27,35
NYI,hockey,2003-01-01,35,34
NYR,hockey,2003-01-01,32,36
OTT,hockey,2003-01-01,52,21
PHI,hockey,2003-01-01,45,20
PHX,hockey,2003-01-01,31,35
PIT,hockey,2003-01-01,27,44
SJS,hockey,2003-01-01,28,37
STL,hockey,2003-01-01,41,24
TBL,hockey,2003-01-01,36,25
TOR,hockey,2003-01-01,44,28
VAN,hockey,2003-01-01,45,23
WSH,hockey,2003-01-01,39,29
ATL,hockey,2004-01-01,33,37
BOS,hockey,2004-01-01,41,19
BUF,hockey,2004-01-01,37,34
CAR,hockey,2004-01-01,28,34
CBL,hockey,2004-01-01,25,45
CGY,hockey,2004-01-01,42,30
CHI,hockey,2004-01-01,20,43
COL,hockey,2004-01-01,40,22
DAL,hockey,2004-01-01,41,26
DET,hockey,2004-01-01,48,21
EDM,hockey,2004-01-01,36,29
FLA,hockey,2004-01-01,28,35
LAK,hockey,2004-01-01,28,29
ANA,hockey,2004-01-01,29,35
MIN,hockey,2004-01-01,30,29
MTL,hockey,2004-01-01,41,30
NJD,hockey,2004-01-01,43,25
NSH,hockey,2004-01-01,38,29
NYI,hockey,2004-01-01,38,29
NYR,hockey,2004-01-01,27,40
OTT,hockey,2004-01-01,43,23
PHI,hockey,2004-01-01,40,21
PHX,hockey,2004-01-01,22,36
PIT,hockey,2004-01-01,23,47
SJS,hockey,2004-01-01,43,21
STL,hockey,2004-01-01,39,30
TBL,hockey,2004-01-01,46,22
TOR,hockey,2004-01-01,45,24
VAN,hockey,2004-01-01,43,24
WSH,hockey,2004-01-01,23,46
ATL,hockey,2005-01-01,,
BOS,hockey,2005-01-01,,
BUF,hockey,2005-01-01,,
CAR,hockey,2005-01-01,,
CBL,hockey,2005-01-01,,
CGY,hockey,2005-01-01,,
CHI,hockey,2005-01-01,,
COL,hockey,2005-01-01,,
DAL,hockey,2005-01-01,,
DET,hockey,2005-01-01,,
EDM,hockey,2005-01-01,,
FLA,hockey,2005-01-01,,
LAK,hockey,2005-01-01,,
ANA,hockey,2005-01-01,,
MIN,hockey,2005-01-01,,
MTL,hockey,2005-01-01,,
NJD,hockey,2005-01-01,,
NSH,hockey,2005-01-01,,
NYI,hockey,2005-01-01,,
NYR,hockey,2005-01-01,,
OTT,hockey,2005-01-01,,
PHI,hockey,2005-01-01,,
PHX,hockey,2005-01-01,,
PIT,hockey,2005-01-01,,
SJS,hockey,2005-01-01,,
STL,hockey,2005-01-01,,
TBL,hockey,2005-01-01,,
TOR,hockey,2005-01-01,,
VAN,hockey,2005-01-01,,
WSH,hockey,2005-01-01,,
ATL,hockey,2006-01-01,41,33
BOS,hockey,2006-01-01,29,37
BUF,hockey,2006-01-01,52,24
CAR,hockey,2006-01-01,52,22
CBL,hockey,2006-01-01,35,43
CGY,hockey,2006-01-01,46,25
CHI,hockey,2006-01-01,26,43
COL,hockey,2006-01-01,43,30
DAL,hockey,2006-01-01,53,23
DET,hockey,2006-01-01,58,16
EDM,hockey,2006-01-01,41,28
FLA,hockey,2006-01-01,37,34
LAK,hockey,2006-01-01,42,35
ANA,hockey,2006-01-01,43,27
MIN,hockey,2006-01-01,38,36
MTL,hockey,2006-01-01,42,31
NJD,hockey,2006-01-01,46,27
NSH,hockey,2006-01-01,49,25
NYI,hockey,2006-01-01,36,40
NYR,hockey,2006-01-01,44,26
OTT,hockey,2006-01-01,52,21
PHI,hockey,2006-01-01,45,26
PHX,hockey,2006-01-01,38,39
PIT,hockey,2006-01-01,22,46
SJS,hockey,2006-01-01,44,27
STL,hockey,2006-01-01,21,46
TBL,hockey,2006-01-01,43,33
TOR,hockey,2006-01-01,41,33
VAN,hockey,2006-01-01,42,32
WSH,hockey,2006-01-01,29,41
ANA,hockey,2007-01-01,48,20
ATL,hockey,2007-01-01,43,28
BOS,hockey,2007-01-01,35,41
BUF,hockey,2007-01-01,53,22
CAR,hockey,2007-01-01,40,34
CBL,hockey,2007-01-01,33,42
CGY,hockey,2007-01-01,43,29
CHI,hockey,2007-01-01,31,42
COL,hockey,2007-01-01,44,31
DAL,hockey,2007-01-01,50,25
DET,hockey,2007-01-01,50,19
EDM,hockey,2007-01-01,32,43
FLA,hockey,2007-01-01,35,31
LAK,hockey,2007-01-01,27,41
MIN,hockey,2007-01-01,48,26
MTL,hockey,2007-01-01,42,34
NJD,hockey,2007-01-01,49,24
NSH,hockey,2007-01-01,51,23
NYI,hockey,2007-01-01,40,30
NYR,hockey,2007-01-01,42,30
OTT,hockey,2007-01-01,48,25
PHI,hockey,2007-01-01,22,48
PHX,hockey,2007-01-01,31,46
PIT,hockey,2007-01-01,47,24
SJS,hockey,2007-01-01,51,26
STL,hockey,2007-01-01,34,35
TBL,hockey,2007-01-01,44,33
TOR,hockey,2007-01-01,40,31
VAN,hockey,2007-01-01,49,26
WSH,hockey,2007-01-01,28,40
ANA,hockey,2008-01-01,47,27
ATL,hockey,2008-01-01,34,40
BOS,hockey,2008-01-01,41,29
BUF,hockey,2008-01-01,39,31
CAR,hockey,2008-01-01,43,33
CBL,hockey,2008-01-01,34,36
CGY,hockey,2008-01-01,42,30
CHI,hockey,2008-01-01,40,34
COL,hockey,2008-01-01,44,31
DAL,hockey,2008-01-01,45,30
DET,hockey,2008-01-01,54,21
EDM,hockey,2008-01-01,41,35
FLA,hockey,2008-01-01,38,35
LAK,hockey,2008-01-01,32,43
MIN,hockey,2008-01-01,44,28
MTL,hockey,2008-01-01,47,25
NJD,hockey,2008-01-01,46,29
NSH,hockey,2008-01-01,41,32
NYI,hockey,2008-01-01,35,38
NYR,hockey,2008-01-01,42,27
OTT,hockey,2008-01-01,43,31
PHI,hockey,2008-01-01,42,29
PHX,hockey,2008-01-01,38,37
PIT,hockey,2008-01-01,47,27
SJS,hockey,2008-01-01,49,23
STL,hockey,2008-01-01,33,36
TBL,hockey,2008-01-01,31,42
TOR,hockey,2008-01-01,36,35
VAN,hockey,2008-01-01,39,33
WSH,hockey,2008-01-01,43,31
ANA,hockey,2009-01-01,42,33
ATL,hockey,2009-01-01,35,41
BOS,hockey,2009-01-01,53,19
BUF,hockey,2009-01-01,41,32
CAR,hockey,2009-01-01,45,30
CBL,hockey,2009-01-01,41,31
CGY,hockey,2009-01-01,46,30
CHI,hockey,2009-01-01,46,24
COL,hockey,2009-01-01,32,45
DAL,hockey,2009-01-01,36,35
DET,hockey,2009-01-01,51,21
EDM,hockey,2009-01-01,38,35
FLA,hockey,2009-01-01,41,30
LAK,hockey,2009-01-01,34,37
MIN,hockey,2009-01-01,40,33
MTL,hockey,2009-01-01,41,30
NJD,hockey,2009-01-01,51,27
NSH,hockey,2009-01-01,40,34
NYI,hockey,2009-01-01,26,47
NYR,hockey,2009-01-01,43,30
OTT,hockey,2009-01-01,36,35
PHI,hockey,2009-01-01,44,27
PHX,hockey,2009-01-01,36,39
PIT,hockey,2009-01-01,45,28
SJS,hockey,2009-01-01,53,18
STL,hockey,2009-01-01,41,31
TBL,hockey,2009-01-01,24,40
TOR,hockey,2009-01-01,34,35
VAN,hockey,2009-01-01,45,27
WSH,hockey,2009-01-01,50,24
ANA,hockey,2010-01-01,39,32
ATL,hockey,2010-01-01,35,34
BOS,hockey,2010-01-01,39,30
BUF,hockey,2010-01-01,45,27
CAR,hockey,2010-01-01,35,37
CBL,hockey,2010-01-01,32,35
CGY,hockey,2010-01-01,40,32
CHI,hockey,2010-01-01,52,22
COL,hockey,2010-01-01,43,30
DAL,hockey,2010-01-01,37,31
DET,hockey,2010-01-01,44,24
EDM,hockey,2010-01-01,27,47
FLA,hockey,2010-01-01,32,37
LAK,hockey,2010-01-01,46,27
MIN,hockey,2010-01-01,38,36
MTL,hockey,2010-01-01,39,33
NJD,hockey,2010-01-01,48,27
NSH,hockey,2010-01-01,47,29
NYI,hockey,2010-01-01,34,37
NYR,hockey,2010-01-01,38,33
OTT,hockey,2010-01-01,44,32
PHI,hockey,2010-01-01,41,35
PHX,hockey,2010-01-01,50,25
PIT,hockey,2010-01-01,47,28
SJS,hockey,2010-01-01,51,20
STL,hockey,2010-01-01,40,32
TBL,hockey,2010-01-01,34,36
TOR,hockey,2010-01-01,30,38
VAN,hockey,2010-01-01,49,28
WSH,hockey,2010-01-01,54,15
ANA,hockey,2011-01-01,47,30
ATL,hockey,2011-01-01,34,36
BOS,hockey,2011-01-01,46,25
BUF,hockey,2011-01-01,43,29
CAR,hockey,2011-01-01,40,31
CBL,hockey,2011-01-01,34,35
CGY,hockey,2011-01-01,41,29
CHI,hockey,2011-01-01,44,29
COL,hockey,2011-01-01,30,44
DAL,hockey,2011-01-01,42,29
DET,hockey,2011-01-01,47,25
EDM,hockey,2011-01-01,25,45
FLA,hockey,2011-01-01,30,40
LAK,hockey,2011-01-01,46,30
MIN,hockey,2011-01-01,39,35
MTL,hockey,2011-01-01,44,30
NJD,hockey,2011-01-01,38,39
NSH,hockey,2011-01-01,44,27
NYI,hockey,2011-01-01,30,39
NYR,hockey,2011-01-01,44,33
OTT,hockey,2011-01-01,32,40
PHI,hockey,2011-01-01,47,23
PHX,hockey,2011-01-01,43,26
PIT,hockey,2011-01-01,49,25
SJS,hockey,2011-01-01,48,25
STL,hockey,2011-01-01,38,33
TBL,hockey,2011-01-01,46,25
TOR,hockey,2011-01-01,37,34
VAN,hockey,2011-01-01,54,19
WSH,hockey,2011-01-01,48,23
ANA,hockey,2012-01-01,34,36
BOS,hockey,2012-01-01,49,29
BUF,hockey,2012-01-01,39,32
CAR,hockey,2012-01-01,33,33
CBL,hockey,2012-01-01,29,46
CGY,hockey,2012-01-01,37,29
CHI,hockey,2012-01-01,45,26
COL,hockey,2012-01-01,41,35
DAL,hockey,2012-01-01,42,35
DET,hockey,2012-01-01,48,28
EDM,hockey,2012-01-01,32,40
FLA,hockey,2012-01-01,38,26
LAK,hockey,2012-01-01,40,27
MIN,hockey,2012-01-01,35,36
MTL,hockey,2012-01-01,31,35
NJD,hockey,2012-01-01,48,28
NSH,hockey,2012-01-01,48,26
NYI,hockey,2012-01-01,34,37
NYR,hockey,2012-01-01,51,24
OTT,hockey,2012-01-01,41,31
PHI,hockey,2012-01-01,47,26
PHX,hockey,2012-01-01,42,27
PIT,hockey,2012-01-01,51,25
SJS,hockey,2012-01-01,43,29
STL,hockey,2012-01-01,49,22
TBL,hockey,2012-01-01,38,36
TOR,hockey,2012-01-01,35,37
VAN,hockey,2012-01-01,51,22
WPG,hockey,2012-01-01,37,35
WSH,hockey,2012-01-01,42,32
ANA,hockey,2013-01-01,30,12
BOS,hockey,2013-01-01,28,14
BUF,hockey,2013-01-01,21,21
CAR,hockey,2013-01-01,19,25
CBL,hockey,2013-01-01,24,17
CGY,hockey,2013-01-01,19,25
CHI,hockey,2013-01-01,36,7
COL,hockey,2013-01-01,16,25
DAL,hockey,2013-01-01,22,22
DET,hockey,2013-01-01,24,16
EDM,hockey,2013-01-01,19,22
FLA,hockey,2013-01-01,15,27
LAK,hockey,2013-01-01,27,16
MIN,hockey,2013-01-01,26,19
MTL,hockey,2013-01-01,29,14
NJD,hockey,2013-01-01,19,19
NSH,hockey,2013-01-01,16,23
NYI,hockey,2013-01-01,24,17
NYR,hockey,2013-01-01,26,18
OTT,hockey,2013-01-01,25,17
PHI,hockey,2013-01-01,23,22
PHX,hockey,2013-01-01,21,18
PIT,hockey,2013-01-01,36,12
SJS,hockey,2013-01-01,25,16
STL,hockey,2013-01-01,29,17
TBL,hockey,2013-01-01,18,26
TOR,hockey,2013-01-01,26,17
VAN,hockey,2013-01-01,26,15
WPG,hockey,2013-01-01,24,21
WSH,hockey,2013-01-01,27,18
ANA,hockey,2014-01-01,54,20
BOS,hockey,2014-01-01,54,19
BUF,hockey,2014-01-01,21,51
CAR,hockey,2014-01-01,36,35
CBL,hockey,2014-01-01,43,32
CGY,hockey,2014-01-01,35,40
CHI,hockey,2014-01-01,46,21
COL,hockey,2014-01-01,52,22
DAL,hockey,2014-01-01,40,31
DET,hockey,2014-01-01,39,28
EDM,hockey,2014-01-01,29,44
FLA,hockey,2014-01-01,29,45
LAK,hockey,2014-01-01,46,28
MIN,hockey,2014-01-01,43,27
MTL,hockey,2014-01-01,46,28
NJD,hockey,2014-01-01,35,29
NSH,hockey,2014-01-01,38,32
NYI,hockey,2014-01-01,34,37
NYR,hockey,2014-01-01,45,31
OTT,hockey,2014-01-01,37,31
PHI,hockey,2014-01-01,42,30
PHX,hockey,2014-01-01,37,30
PIT,hockey,2014-01-01,51,24
SJS,hockey,2014-01-01,51,22
STL,hockey,2014-01-01,52,23
TBL,hockey,2014-01-01,46,27
TOR,hockey,2014-01-01,38,36
VAN,hockey,2014-01-01,36,35
WPG,hockey,2014-01-01,37,35
WSH,hockey,2014-01-01,38,30
ANA,hockey,2015-01-01,51,24
ARI,hockey,2015-01-01,24,50
BOS,hockey,2015-01-01,41,27
BUF,hockey,2015-01-01,23,51
CAR,hockey,2015-01-01,30,41
CBL,hockey,2015-01-01,42,35
CGY,hockey,2015-01-01,45,30
CHI,hockey,2015-01-01,48,28
COL,hockey,2015-01-01,39,31
DAL,hockey,2015-01-01,41,31
DET,hockey,2015-01-01,43,25
EDM,hockey,2015-01-01,24,44
FLA,hockey,2015-01-01,38,29
LAK,hockey,2015-01-01,40,27
MIN,hockey,2015-01-01,46,28
MTL,hockey,2015-01-01,50,22
NJD,hockey,2015-01-01,32,36
NSH,hockey,2015-01-01,47,25
NYI,hockey,2015-01-01,47,28
NYR,hockey,2015-01-01,53,22
OTT,hockey,2015-01-01,43,26
PHI,hockey,2015-01-01,33,31
PIT,hockey,2015-01-01,43,27
SJS,hockey,2015-01-01,40,33
STL,hockey,2015-01-01,51,24
TBL,hockey,2015-01-01,50,24
TOR,hockey,2015-01-01,30,44
VAN,hockey,2015-01-01,48,29
WPG,hockey,2015-01-01,43,26
WSH,hockey,2015-01-01,45,26
ANA,hockey,2016-01-01,46,25
ARI,hockey,2016-01-01,35,39
BOS,hockey,2016-01-01,42,31
BUF,hockey,2016-01-01,35,36
CAR,hockey,2016-01-01,35,31
CBL,hockey,2016-01-01,34,40
CGY,hockey,2016-01-01,35,40
CHI,hockey,2016-01-01,47,26
COL,hockey,2016-01-01,39,39
DAL,hockey,2016-01-01,50,23
DET,hockey,2016-01-01,41,30
EDM,hockey,2016-01-01,31,43
FLA,hockey,2016-01-01,47,26
LAK,hockey,2016-01-01,48,28
MIN,hockey,2016-01-01,38,33
MTL,hockey,2016-01-01,38,38
NJD,hockey,2016-01-01,38,36
NSH,hockey,2016-01-01,41,27
NYI,hockey,2016-01-01,45,27
NYR,hockey,2016-01-01,46,27
OTT,hockey,2016-01-01,38,35
PHI,hockey,2016-01-01,41,27
PIT,hockey,2016-01-01,48,26
SJS,hockey,2016-01-01,46,30
STL,hockey,2016-01-01,49,24
TBL,hockey,2016-01-01,46,31
TOR,hockey,2016-01-01,29,42
VAN,hockey,2016-01-01,31,38
WPG,hockey,2016-01-01,35,39
WSH,hockey,2016-01-01,56,18
ANA,hockey,2017-01-01,46,23
ARI,hockey,2017-01-01,30,42
BOS,hockey,2017-01-01,44,31
BUF,hockey,2017-01-01,33,37
CAR,hockey,2017-01-01,36,31
CBL,hockey,2017-01-01,50,24
CGY,hockey,2017-01-01,45,33
CHI,hockey,2017-01-01,50,23
COL,hockey,2017-01-01,22,56
DAL,hockey,2017-01-01,34,37
DET,hockey,2017-01-01,33,36
EDM,hockey,2017-01-01,47,26
FLA,hockey,2017-01-01,35,36
LAK,hockey,2017-01-01,39,35
MIN,hockey,2017-01-01,49,25
MTL,hockey,2017-01-01,47,26
NJD,hockey,2017-01-01,28,40
NSH,hockey,2017-01-01,41,29
NYI,hockey,2017-01-01,41,29
NYR,hockey,2017-01-01,48,28
OTT,hockey,2017-01-01,44,28
PHI,hockey,2017-01-01,39,33
PIT,hockey,2017-01-01,50,21
SJS,hockey,2017-01-01,46,29
STL,hockey,2017-01-01,46,29
TBL,hockey,2017-01-01,42,30
TOR,hockey,2017-01-01,40,27
VAN,hockey,2017-01-01,30,43
WPG,hockey,2017-01-01,40,35
WSH,hockey,2017-01-01,55,19
ANA,hockey,2018-01-01,44,25
ARI,hockey,2018-01-01,29,41
BOS,hockey,2018-01-01,50,20
BUF,hockey,2018-01-01,25,45
CAR,hockey,2018-01-01,36,35
CBL,hockey,2018-01-01,45,30
CGY,hockey,2018-01-01,37,35
CHI,hockey,2018-01-01,33,39
COL,hockey,2018-01-01,43,30
DAL,hockey,2018-01-01,42,32
DET,hockey,2018-01-01,30,39
EDM,hockey,2018-01-01,36,40
FLA,hockey,2018-01-01,44,30
LAK,hockey,2018-01-01,45,29
MIN,hockey,2018-01-01,45,26
MTL,hockey,2018-01-01,29,40
NJD,hockey,2018-01-01,44,29
NSH,hockey,2018-01-01,53,18
NYI,hockey,2018-01-01,35,37
NYR,hockey,2018-01-01,34,39
OTT,hockey,2018-01-01,28,43
PHI,hockey,2018-01-01,42,26
PIT,hockey,2018-01-01,47,29
SJS,hockey,2018-01-01,45,27
STL,hockey,2018-01-01,44,32
TBL,hockey,2018-01-01,54,23
TOR,hockey,2018-01-01,49,26
VAN,hockey,2018-01-01,31,40
VEG,hockey,2018-01-01,51,24
WPG,hockey,2018-01-01,52,20
WSH,hockey,2018-01-01,49,26
ANA,hockey,2019-01-01,35,37
ARI,hockey,2019-01-01,39,35
BOS,hockey,2019-01-01,49,24
BUF,hockey,2019-01-01,33,39
CAR,hockey,2019-01-01,46,29
CBL,hockey,2019-01-01,47,31
CGY,hockey,2019-01-01,50,25
CHI,hockey,2019-01-01,36,34
COL,hockey,2019-01-01,38,30
DAL,hockey,2019-01-01,43,32
DET,hockey,2019-01-01,32,40
EDM,hockey,2019-01-01,35,38
FLA,hockey,2019-01-01,36,32
LAK,hockey,2019-01-01,31,42
MIN,hockey,2019-01-01,37,36
MTL,hockey,2019-01-01,44,30
NJD,hockey,2019-01-01,31,41
NSH,hockey,2019-01-01,47,29
NYI,hockey,2019-01-01,48,27
NYR,hockey,2019-01-01,32,36
OTT,hockey,2019-01-01,29,47
PHI,hockey,2019-01-01,37,37
PIT,hockey,2019-01-01,44,26
SJS,hockey,2019-01-01,46,27
STL,hockey,2019-01-01,45,28
TBL,hockey,2019-01-01,62,16
TOR,hockey,2019-01-01,46,28
VAN,hockey,2019-01-01,35,36
VEG,hockey,2019-01-01,43,32
WPG,hockey,2019-01-01,47,30
WSH,hockey,2019-01-01,48,26
ANA,hockey,2020-01-01,29,33
ARI,hockey,2020-01-01,33,29
BOS,hockey,2020-01-01,44,14
BUF,hockey,2020-01-01,30,31
CAR,hockey,2020-01-01,38,25
CBL,hockey,2020-01-01,33,22
CGY,hockey,2020-01-01,36,27
CHI,hockey,2020-01-01,32,30
COL,hockey,2020-01-01,42,20
DAL,hockey,2020-01-01,37,24
DET,hockey,2020-01-01,17,49
EDM,hockey,2020-01-01,37,25
FLA,hockey,2020-01-01,35,26
LAK,hockey,2020-01-01,29,35
MIN,hockey,2020-01-01,35,27
MTL,hockey,2020-01-01,31,31
NJD,hockey,2020-01-01,28,29
NSH,hockey,2020-01-01,35,26
NYI,hockey,2020-01-01,35,23
NYR,hockey,2020-01-01,37,28
OTT,hockey,2020-01-01,25,34
PHI,hockey,2020-01-01,41,21
PIT,hockey,2020-01-01,40,23
SJS,hockey,2020-01-01,29,36
STL,hockey,2020-01-01,42,19
TBL,hockey,2020-01-01,43,21
TOR,hockey,2020-01-01,36,25
VAN,hockey,2020-01-01,36,27
VEG,hockey,2020-01-01,39,24
WPG,hockey,2020-01-01,37,28
WSH,hockey,2020-01-01,41,20
ANA,hockey,2021-01-01,17,30
ARI,hockey,2021-01-01,24,26
BOS,hockey,2021-01-01,33,16
BUF,hockey,2021-01-01,15,34
CAR,hockey,2021-01-01,36,12
CBL,hockey,2021-01-01,18,26
CGY,hockey,2021-01-01,26,27
CHI,hockey,2021-01-01,24,25
COL,hockey,2021-01-01,39,13
DAL,hockey,2021-01-01,23,19
DET,hockey,2021-01-01,19,27
EDM,hockey,2021-01-01,35,19
FLA,hockey,2021-01-01,37,14
LAK,hockey,2021-01-01,21,28
MIN,hockey,2021-01-01,35,16
MTL,hockey,2021-01-01,24,21
NJD,hockey,2021-01-01,19,30
NSH,hockey,2021-01-01,31,23
NYI,hockey,2021-01-01,32,17
NYR,hockey,2021-01-01,27,23
OTT,hockey,2021-01-01,23,28
PHI,hockey,2021-01-01,25,23
PIT,hockey,2021-01-01,37,16
SJS,hockey,2021-01-01,21,28
STL,hockey,2021-01-01,27,20
TBL,hockey,2021-01-01,36,17
TOR,hockey,2021-01-01,35,14
VAN,hockey,2021-01-01,23,29
VEG,hockey,2021-01-01,40,14
WPG,hockey,2021-01-01,30,23
WSH,hockey,2021-01-01,36,15
